test_loss,test_acc,seconds,num_active_points,norm_sq_budgets,e,d,nm,norm
0.0,0.0,0.0,486,"{100, 20, 5}","{""0"": 0, ""340"": 0, ""437"": 0}",0.001,10.0,1.0
0.6676,0.5748,0.6005,486,"{0.9999993, 0.9999982, 0.99999917, 0.70844656, 0.9999988, 0.9999989, 0.4048797, 0.9999987, 0.99999845, 0.9999994, 0.99999833, 0.99999857, 0.6196237, 0.99999905, 0.44976896, 0.83570343, 0.77079904, 0.7505189, 0.49778342, 0.74501395, 0.59678626, 0.85058725, 0.7527743, 0.37020415, 0.87532336, 0.90110326, 0.44472346, 0.7943087, 0.5293237, 0.90912, 0.9999981, 0.9813573, 0.84055126, 0.91286033, 0.51296854, 0.8308951, 0.416594, 0.81150764, 0.35764903, 0.91663295, 0.9999995, 0.99999964, 0.7039849, 0.9224622, 0.6023291, 0.5503977, 0.90226537, 0.73776144, 0.8433121, 0.5430499, 0.6666133, 0.3995611, 0.98735803, 0.9835865, 0.7514559, 0.9201134, 0.689287, 0.6759034, 0.44934285, 0.93323356, 0.6788486, 0.74823606, 0.47009793, 0.96269727, 0.6578548}","{""0"": 0.37678303365742466, ""340"": 0.37678303365742466, ""437"": 0.37678303365742466}",0.001,10.0,1.0
0.6536,0.5984,0.0088,486,"{0.78775024, 1.9999986, 1.9999976, 1.9999983, 1.9004787, 1.3272728, 1.9999964, 1.999998, 1.9999973, 1.999997, 1.9999987, 1.9999985, 1.9999967, 1.9999968, 1.9999971, 1.1810414, 1.9734976, 1.831614, 1.7120001, 1.0082855, 1.9999969, 1.5942705, 1.9999963, 1.9713819, 0.79373217, 0.90816224, 1.7724767, 1.3078918, 0.69709814, 1.7819932, 1.3849783, 1.1344166, 1.5968618, 1.4891946, 1.6853025, 1.9678457, 1.7574425, 1.2856803, 1.2922993, 1.8957789, 1.9536932, 1.3037679, 1.9747279, 1.1656954, 1.7635229, 1.9999979, 1.5944324, 0.9200113, 1.9999982, 1.9999981, 1.6043863, 1.9999977, 1.9999974, 1.8341427, 1.9838161, 1.9999975, 1.9999965, 1.9067461, 1.9999962, 1.7498138, 1.3146808, 0.8589988, 1.0560901, 0.7513615, 1.4343138, 1.7217774, 1.999999, 1.583257, 1.9999988, 0.67720556, 0.8758118, 1.5254254, 1.973908, 1.991493, 1.0172019, 1.4652147, 1.4124756, 1.4503824, 1.0156332, 1.4333435, 1.9999989, 1.9999992, 1.9999993, 1.8624984, 1.9484556, 1.7227333, 0.9276467, 1.360544}","{""0"": 0.5358427881104495, ""340"": 0.5358427881104495, ""437"": 0.5358427881104495}",0.001,10.0,1.0
0.6409,0.6063,0.0087,486,"{0.9646615, 1.8714602, 2.9999967, 2.9999979, 2.6942868, 2.9999976, 2.9999945, 1.1510477, 2.9999957, 2.9999955, 2.999998, 2.9999948, 2.9999952, 1.6871059, 2.9999971, 2.9999974, 2.9999964, 2.310313, 2.999996, 2.9999962, 2.7755542, 1.8525276, 1.0605065, 1.4148884, 1.490037, 1.1359535, 1.2925014, 1.4683818, 1.9969788, 1.298347, 1.9320691, 2.999995, 2.974386, 2.2050283, 2.8716242, 2.9072914, 2.9999983, 2.491915, 2.5603583, 2.054724, 2.9999943, 1.6178781, 1.4258667, 1.8776519, 0.98448795, 1.8717508, 1.8795964, 1.9641829, 1.6862077, 1.2281133, 1.5139501, 1.9037428, 1.313339, 2.5642915, 2.2733524, 2.405531, 2.9570608, 2.3009102, 2.999997, 2.9224124, 2.8513803, 2.3006766, 2.9516149, 2.4705453, 2.902656, 2.5792565, 2.9937437, 2.903863, 2.9757476, 2.9999986, 2.999999, 2.7023916, 2.968312, 2.9736028, 2.98225, 2.5570767, 2.9869869, 2.099163, 2.8836765, 2.6935565, 2.5454874, 2.822476, 2.2526293, 2.2112617, 2.1095674, 2.5210135, 2.8764124, 2.8207004, 2.7251165, 2.5678973, 2.0491157}","{""0"": 0.658940727570578, ""340"": 0.658940727570578, ""437"": 0.658940727570578}",0.001,10.0,1.0
0.6303,0.622,0.0085,486,"{1.5080857, 2.3642244, 3.409503, 3.9999957, 3.9999971, 3.9999967, 3.9999926, 3.9999943, 3.9999938, 3.9999974, 3.9999928, 3.9999936, 2.1570933, 1.9473813, 2.975157, 3.9999962, 3.9999952, 3.9999948, 3.9999955, 3.9454014, 3.595982, 3.999993, 3.999995, 3.9999924, 3.319921, 1.9759368, 1.4582578, 1.2332171, 1.709299, 1.8998945, 1.6278366, 1.7925271, 1.3412838, 1.245614, 1.5710552, 2.5313053, 2.1793246, 2.9005494, 2.9727647, 2.9871447, 2.8546886, 2.6949592, 2.5275722, 2.412196, 2.0669696, 3.769198, 3.9340336, 3.9999979, 3.999997, 3.9298239, 3.832592, 3.9999945, 3.0225217, 3.8477895, 3.9999964, 3.4908292, 3.8277805, 3.9093435, 3.8436887, 3.956722, 3.9606814, 3.1718233, 3.9765315, 1.9407735, 1.7006197, 2.8449934, 2.9410148, 2.6147335, 2.396518, 2.3993597, 2.3826103, 2.4188168, 2.7484598, 2.5133758, 2.6345751, 3.7568188, 3.6575432, 3.9999933, 3.999994, 3.999996, 3.8980236, 3.718627, 3.3614337, 3.7391145, 3.623315, 3.3569584, 3.7650132, 3.3240376, 3.9999976, 3.9152346, 3.7991052, 3.8899264, 3.999998, 3.9999988, 3.9234943, 3.490448, 3.9788103, 3.219441, 3.9291756, 3.1693377, 3.6320257, 3.299356, 3.3175733, 3.750862, 3.5315833}","{""0"": 0.7635660673148493, ""340"": 0.7635660673148493, ""437"": 0.7635660673148493}",0.001,10.0,1.0
0.6181,0.6378,0.0088,486,"{1.8505492, 2.8036547, 2.5919194, 4.9999957, 4.9999943, 4.999996, 4.04691, 4.978052, 4.9999948, 4.999993, 4.9999924, 4.9999967, 4.999991, 2.5085738, 2.4487698, 3.59544, 3.4750843, 3.5720026, 3.59828, 3.6391783, 4.999992, 4.999995, 4.9999933, 4.819977, 4.365558, 4.9999914, 4.999994, 4.9999905, 4.0310535, 4.6679144, 1.7569445, 1.4771962, 1.9181652, 1.592635, 1.4795101, 1.8875144, 4.796353, 2.1159105, 2.3074098, 2.8337753, 2.4783351, 2.118236, 2.877005, 2.8686776, 2.887409, 2.9144564, 2.639443, 3.451541, 3.2356064, 3.0053086, 3.3756452, 3.6648195, 3.3598843, 3.7995849, 3.13177, 3.7864351, 3.063218, 4.9216156, 4.828455, 4.514087, 4.386707, 4.9996796, 4.9423084, 4.765438, 4.514127, 4.58346, 4.786438, 4.3853593, 4.6517844, 4.807687, 4.9899683, 4.202375, 4.5620565, 4.370444, 4.1925325, 4.893187, 4.9624825, 4.8612814, 4.8507075, 4.615982, 2.337667, 2.0643322, 4.7507863, 4.9999976, 4.966032, 4.9999986, 4.9891195, 4.774164, 4.22644, 4.597465, 4.710192, 4.949889, 4.925234, 3.9965262, 3.10926, 3.1769633, 3.8208973, 4.999997, 4.966431, 4.0452437, 4.5792146, 4.3454905, 4.144549, 4.5759964, 4.0198593, 4.7671223, 4.6640058}","{""0"": 0.8563385458224786, ""340"": 0.8563385458224786, ""437"": 0.8563385458224786}",0.001,10.0,1.0
0.6133,0.6457,0.0084,218,"{1.7057937, 2.9833748, 2.1852775, 3.200417, 4.6250424, 5.0, 3.109797, 4.167742, 4.9999995, 4.9999986, 4.698254, 4.0029726, 4.055177, 2.9235744, 2.036603, 2.5181537, 2.695637, 3.7465672, 3.4352593, 2.1708696, 4.999999, 4.191199, 4.259041, 4.025507, 3.1966386, 4.389665, 4.999998, 4.8315463, 4.307346, 4.3457794, 1.8149858, 1.6862049, 5.33331, 5.9999933, 5.9999905, 2.8491704, 2.4029083, 2.1711743, 2.6939342, 2.3996508, 3.8510923, 3.9327455, 3.3323476, 3.603235, 3.3002312, 3.3347435, 3.382547, 3.5545478, 3.0681067, 3.6905026, 4.6399446, 4.7233763, 4.919276, 4.664561, 4.9163103, 5.5209155, 5.7507234, 5.697749, 5.980042, 4.426575, 5.641036, 5.99999, 5.9999924, 5.5501842, 5.999998, 5.999996, 5.999994, 5.9999957, 5.8095717, 5.999993, 5.9999948, 5.8895345, 5.9999914, 5.999992, 5.9999943, 5.9999967, 5.999989, 5.9999895, 5.9930315, 5.551477, 5.999995, 5.4953775, 5.999997, 5.9211817, 5.5409126, 5.270351, 5.413089, 5.824005, 5.2835493, 5.908879, 5.999991, 3.6655078}","{""0"": 0.8563385458224786, ""340"": 0.9417347049363836, ""437"": 0.9417347049363836}",0.001,10.0,1.0
0.6099,0.6457,0.0088,192,"{1.9232975, 2.512057, 3.3610966, 3.574415, 4.999999, 5.0, 3.7159162, 4.728725, 4.508411, 4.5121408, 3.3913429, 4.7663126, 2.3034148, 2.9151335, 2.4099045, 3.0700812, 3.8430586, 3.540103, 3.2074335, 2.6735978, 4.8515577, 4.5824347, 4.2386856, 4.301908, 4.9999986, 4.5018177, 4.9999995, 4.780886, 4.0524163, 4.87668, 1.8829521, 6.0646744, 6.999992, 6.9999886, 5.282809, 6.9999905, 6.9999933, 6.999996, 6.9762764, 6.9999876, 2.02661, 2.4456012, 2.727394, 6.8855634, 6.3861194, 3.7700763, 3.710632, 3.7622876, 3.833571, 3.480804, 3.0400944, 4.0266542, 4.27005, 4.139168, 5.581543, 5.894306, 5.888973, 5.011435, 6.954614, 6.9999976, 6.9999957, 6.746944, 6.2660985, 6.957271, 6.3071165, 6.9999943, 6.303038, 6.9999924, 6.9999914, 6.99999, 6.999994, 6.9999895, 6.3211207, 6.9999967, 6.9733076, 6.5804563, 6.999988, 6.999989, 6.999995, 6.999991, 6.999993, 6.793259, 6.0617514, 6.6581407, 6.7139726, 6.1886287, 6.532454, 6.5018477}","{""0"": 0.8563385458224786, ""340"": 1.0184110913558668, ""437"": 1.0184110913558668}",0.001,10.0,1.0
0.6071,0.6575,0.0084,185,"{2.832674, 3.7224438, 3.9301445, 4.3233166, 5.0, 7.999986, 7.9999914, 4.999999, 4.9938912, 4.9411054, 3.8543842, 4.9999995, 2.561499, 2.13305, 2.6347582, 2.9291408, 3.3052988, 3.4347744, 3.861712, 3.5514975, 4.713557, 4.2313695, 4.731395, 4.9999986, 4.19144, 4.48341, 4.104438, 4.1725197, 4.2750745, 6.774089, 5.8801575, 6.9588523, 6.225577, 6.483619, 7.9999905, 7.9999866, 7.999989, 7.9999924, 7.9999957, 7.928637, 7.985991, 7.897191, 7.0341225, 7.9999933, 2.2269638, 2.0686893, 2.7065444, 3.879736, 3.369453, 3.0429559, 4.481407, 4.8428993, 4.592744, 5.577096, 6.6743317, 6.4540477, 6.817815, 7.852822, 7.901103, 7.3028874, 7.100046, 7.999991, 7.9999886, 7.99999, 7.999993, 7.9999876, 7.0680285, 7.999996, 7.572378, 7.999997, 7.999995, 7.9999895, 7.986537, 7.442813, 7.9999943, 7.999994, 7.999992, 7.630449, 7.4609942, 7.999987, 7.999988, 7.276606, 7.2823224, 7.741382, 7.0944357, 7.9999857, 7.9999948}","{""0"": 0.8563385458224786, ""340"": 1.0913657906909338, ""437"": 1.0913657906909338}",0.001,10.0,1.0
0.6026,0.6575,0.0084,178,"{7.427936, 7.9920006, 2.8123536, 3.1444104, 4.9349003, 4.069962, 4.271082, 5.0, 4.3047733, 2.3358016, 3.685789, 3.7881527, 4.999999, 4.6064577, 2.8480852, 2.4183388, 3.8852768, 3.1725984, 2.245762, 2.9577744, 3.6870205, 4.1657863, 4.603264, 4.902893, 4.487967, 4.571816, 4.712163, 4.9255285, 4.271858, 4.9999995, 4.9999986, 6.462071, 6.849033, 6.1236863, 8.969324, 7.464752, 7.7439613, 7.8833756, 7.797733, 7.998495, 8.999989, 8.996822, 8.999988, 8.999991, 8.999995, 8.859735, 8.950893, 8.813464, 8.999992, 8.9999895, 7.003583, 8.132557, 8.707153, 8.999997, 8.999994, 8.379748, 8.442045, 7.6323695, 7.0564876, 7.261675, 8.234928, 8.939524, 8.999987, 8.969152, 8.999985, 3.3487453, 8.999986, 8.999996, 8.791256, 8.983026, 8.99999, 8.999993, 7.770433, 8.044984, 8.561833, 8.999984}","{""0"": 0.8563385458224786, ""340"": 1.1606462732485112, ""437"": 1.1606462732485112}",0.001,10.0,1.0
0.599,0.6575,0.0084,172,"{2.5306854, 3.451367, 4.751227, 4.4137087, 4.598237, 5.0, 3.0555828, 4.0656033, 4.1316133, 4.9701953, 3.0538042, 4.4576993, 2.6052907, 2.4189603, 3.4086127, 3.2084124, 3.657106, 4.2170444, 4.9999986, 4.9999995, 4.8654733, 4.967018, 4.999999, 4.6654825, 4.005179, 6.656995, 7.0241733, 7.4488106, 7.5999236, 7.807178, 7.5209627, 8.132271, 8.432512, 8.640452, 8.505431, 8.646399, 9.98444, 9.159034, 9.999995, 9.490491, 9.844113, 9.999984, 9.328052, 9.999982, 9.999987, 9.938196, 9.983582, 9.999985, 9.888067, 9.999983, 9.990225, 9.999996, 9.628518, 9.91924, 9.9628725, 9.9999895, 9.999992, 9.999997, 9.999993, 9.999988, 7.9991784, 8.278386, 8.970609, 8.765489, 8.67874, 8.781643, 8.403601, 9.99999, 9.999994, 9.7673, 9.894351, 9.999986, 9.699978, 9.999991, 9.999989, 9.212526, 9.865124}","{""0"": 0.8563385458224786, ""340"": 1.2256462732485114, ""437"": 1.2256462732485114}",0.001,10.0,1.0
0.5938,0.6654,0.0088,167,"{10.779612, 10.999981, 2.7244694, 3.7586217, 4.999999, 4.7512245, 4.916713, 5.0, 3.2963212, 4.4474607, 4.4716716, 3.2544458, 4.740826, 4.545756, 2.7888522, 2.5889049, 3.639151, 3.4552672, 3.9640672, 10.999985, 10.999987, 4.9999995, 4.3183584, 10.734358, 10.999992, 10.999986, 10.999993, 10.935627, 10.999995, 10.444761, 10.830743, 10.89594, 7.568995, 10.999989, 10.999991, 10.242813, 10.999996, 8.780412, 8.897848, 8.032405, 8.117125, 8.325478, 9.102787, 9.383703, 9.191689, 9.268722, 10.939993, 10.837223, 10.9999895, 10.999994, 10.656046, 10.815717, 10.999984, 10.56516, 10.99999, 10.999988, 10.999983, 7.180723, 10.999982, 8.0189705, 8.541557, 10.938687, 10.067153, 10.99998, 10.71693, 9.909052, 9.951386, 9.679287, 9.357092, 9.340432, 9.4962635, 9.01152}","{""0"": 0.8563385458224786, ""340"": 1.2879777526347396, ""437"": 1.2879777526347396}",0.001,10.0,1.0
0.5906,0.6732,0.0086,162,"{10.177301, 10.758411, 2.907876, 3.5259182, 4.0602636, 4.999999, 4.9999995, 5.0, 4.8276663, 4.8002224, 3.4424262, 4.861556, 3.856075, 2.9628897, 2.7503057, 9.40112, 3.6941085, 11.999983, 11.667494, 11.999984, 11.999989, 4.622722, 4.265261, 11.80689, 11.966536, 11.218007, 11.702528, 11.784183, 11.999988, 11.99999, 11.999993, 11.999996, 11.999991, 7.6807327, 8.088227, 8.590691, 8.592326, 8.797226, 8.477389, 9.740024, 9.848369, 9.842424, 9.479853, 9.882698, 10.106066, 10.935575, 10.618284, 10.641875, 10.34851, 11.999994, 11.514608, 11.712761, 11.999982, 11.396233, 11.9999895, 11.999987, 11.999981, 11.620361, 11.999979, 11.999986, 11.852137, 11.582917, 11.500651, 11.972171, 11.843348, 11.999978, 9.032311, 9.956892, 9.5762005, 11.999992, 11.999985}","{""0"": 0.8563385458224786, ""340"": 1.3479777526347396, ""437"": 1.3479777526347396}",0.001,10.0,1.0
0.5866,0.6772,0.0086,159,"{10.036204, 10.984545, 2.9051166, 3.088141, 4.9999995, 3.7528763, 4.361821, 5.0, 4.999999, 3.6203146, 4.061946, 3.1303763, 3.924783, 4.9161067, 9.99888, 12.999981, 12.451165, 8.589792, 12.999983, 12.999988, 12.999994, 4.5622497, 11.302373, 11.299544, 11.400445, 10.361444, 10.550358, 10.837114, 10.104444, 12.895894, 12.999976, 8.906635, 8.173284, 9.12709, 9.04474, 9.241196, 9.495306, 12.621787, 10.350406, 10.811072, 10.482001, 12.878261, 12.999993, 11.9411335, 10.372448, 12.526315, 12.621306, 11.577194, 12.346523, 12.585463, 12.99998, 12.1991825, 12.999989, 12.999986, 12.999979, 12.392064, 12.999977, 12.999455, 12.69644, 12.9999895, 12.999992, 12.999996, 12.99999, 12.999984, 12.999991, 12.999985, 12.712464, 12.390861, 12.214689, 12.999987}","{""0"": 0.8563385458224786, ""340"": 1.4057755278982138, ""437"": 1.4057755278982138}",0.001,10.0,1.0
0.5837,0.685,0.0085,156,"{10.620024, 3.2672942, 3.7926476, 3.9757555, 4.661017, 5.0, 4.261414, 3.2920995, 3.0548062, 4.1479263, 4.9999995, 4.8498387, 10.579486, 13.99998, 13.202811, 9.0738945, 13.999981, 13.999979, 13.999987, 13.999994, 13.16155, 11.473635, 8.648631, 9.650915, 9.472498, 9.664741, 9.30818, 9.934599, 10.94653, 10.873925, 10.567761, 10.806397, 12.01172, 11.507019, 11.094734, 11.955379, 11.930663, 11.601238, 12.983862, 12.63877, 12.184797, 12.887866, 11.115732, 13.435432, 13.999978, 13.999988, 13.999985, 13.973116, 13.138723, 13.999975, 13.968309, 13.375414, 13.762451, 13.999992, 13.314028, 13.415436, 13.999986, 13.999989, 13.999991, 13.999996, 13.99999, 13.999983, 13.9999895, 13.169622, 13.999982, 13.784248, 13.509241, 13.954591, 13.999974, 13.999977, 13.531761}","{""0"": 0.8563385458224786, ""340"": 1.4607755278982137, ""437"": 1.4607755278982137}",0.001,10.0,1.0
0.5808,0.689,0.0084,155,"{3.9579923, 4.19673, 3.444233, 4.9610763, 5.0, 4.4535017, 3.4484055, 3.1996887, 4.367019, 4.9999995, 11.14864, 14.999979, 13.926857, 9.54779, 14.999977, 14.999986, 14.999994, 13.96586, 14.275035, 14.999976, 14.999987, 11.663463, 11.1160965, 9.885039, 9.690084, 9.114624, 12.0961895, 10.163429, 10.068031, 10.354601, 12.592227, 11.53318, 11.696341, 11.348712, 11.085226, 11.223259, 12.197458, 12.753787, 12.593084, 12.540691, 12.199224, 13.753924, 13.858014, 13.305802, 13.917766, 13.522355, 14.999984, 14.909831, 14.999973, 14.926361, 14.095332, 14.621864, 14.999991, 14.072499, 14.18153, 14.999985, 14.999988, 14.99999, 14.999996, 14.9999895, 14.999993, 14.999982, 14.999981, 14.321421, 14.999992, 14.999989, 14.646382, 14.28877, 14.858167, 14.999972, 14.999975}","{""0"": 0.8563385458224786, ""340"": 1.5157755278982137, ""437"": 1.5157755278982137}",0.001,10.0,1.0
0.5775,0.689,0.0085,154,"{3.6144342, 4.6411104, 4.1189365, 4.4099946, 5.0, 3.6010337, 3.3416579, 4.585167, 11.707746, 10.010946, 12.110996, 14.622556, 15.999977, 15.999975, 15.999985, 15.999993, 14.761555, 15.107192, 15.999974, 14.511338, 15.999986, 15.999983, 15.999973, 9.568555, 10.666719, 10.278953, 10.449984, 10.050299, 10.751908, 11.798538, 11.58748, 11.611281, 11.59635, 15.99997, 12.874017, 12.287086, 12.78143, 12.191204, 12.703311, 13.948472, 13.287537, 13.212752, 13.129211, 13.146329, 14.559408, 14.77683, 14.8066845, 14.922826, 14.637288, 15.819041, 15.985087, 15.873777, 15.458817, 15.99999, 15.999978, 15.999984, 15.999987, 15.981523, 15.9999895, 14.124499, 15.999989, 15.999992, 15.999981, 15.999979, 15.086049, 15.999988, 15.99998, 15.483895, 15.038058, 15.713612, 15.999996}","{""0"": 0.8563385458224786, ""340"": 1.5675283643313485, ""437"": 1.5675283643313485}",0.001,10.0,1.0
0.5741,0.6929,0.0085,153,"{3.7785428, 4.822112, 4.273902, 4.615983, 5.0, 3.7487128, 3.4789, 4.7972255, 10.457048, 12.248156, 12.6661825, 13.537512, 15.28388, 16.999975, 16.999973, 16.999983, 16.999992, 15.534588, 15.918629, 16.999985, 16.978285, 15.246141, 16.99998, 16.999979, 16.28611, 16.5062, 16.99997, 16.999971, 10.650804, 10.810426, 10.391712, 10.005828, 11.152895, 11.965751, 11.125561, 12.857315, 12.226073, 12.066653, 12.692557, 12.0535145, 13.796387, 13.806921, 13.691819, 13.340485, 13.289451, 14.5685215, 14.694703, 13.676875, 15.230754, 15.421579, 15.516814, 15.636391, 15.824007, 16.6976, 16.933338, 16.792648, 16.257885, 16.99999, 16.999977, 16.999987, 16.934385, 16.999989, 16.999996, 15.760519, 15.334375}","{""0"": 0.8563385458224786, ""340"": 1.6175283643313487, ""437"": 1.6175283643313487}",0.001,10.0,1.0
0.5719,0.6929,0.0086,153,"{3.9389355, 4.99565, 4.4220843, 4.8182554, 5.0, 3.8917346, 3.6122856, 4.999999, 10.8932085, 12.774889, 13.212807, 14.185988, 15.9147005, 16.293543, 17.999973, 17.999971, 17.99998, 17.999992, 16.715155, 17.999985, 17.926613, 15.961323, 17.999979, 17.546171, 16.457537, 17.999977, 17.0569, 17.244804, 17.999968, 10.723816, 10.430503, 17.99997, 11.626395, 11.011332, 11.152281, 11.482329, 12.6350765, 12.53375, 12.296222, 12.490388, 13.4151535, 13.877851, 13.1720705, 13.859722, 14.275478, 14.38654, 14.231082, 14.184276, 15.884631, 15.164674, 15.2365885, 16.049965, 16.20619, 16.333216, 16.541853, 16.011734, 17.867329, 17.698269, 17.027746, 17.99999, 17.999975, 17.999983, 17.999987, 17.867807, 17.999989, 17.999996}","{""0"": 0.8563385458224786, ""340"": 1.6675283643313485, ""437"": 1.6675283643313485}",0.001,10.0,1.0
0.5688,0.6969,0.0085,152,"{3.740375, 4.0295544, 4.10007, 4.565123, 4.999999, 5.0, 10.852608, 11.3204365, 12.986408, 13.293221, 13.753498, 14.828982, 16.533916, 17.047136, 18.999971, 18.99997, 18.99998, 18.999992, 18.999979, 17.499321, 18.999985, 18.867096, 18.999977, 18.372402, 17.940346, 11.359484, 11.485261, 11.043315, 11.830485, 12.093498, 12.602927, 12.920251, 13.96243, 13.031241, 13.642863, 14.739776, 18.999996, 18.999975, 14.950432, 14.759055, 15.749006, 14.405009, 15.754786, 18.984802, 14.4208, 16.671112, 16.52269, 16.648851, 16.875576, 16.678885, 17.787567, 17.005138, 17.236189, 17.811111, 17.136484, 18.974016, 18.788782, 18.589178, 18.99999, 18.999973, 18.999987, 18.98322, 18.788122, 18.999983, 18.999989, 14.676016, 18.999966, 18.999968}","{""0"": 0.8563385458224786, ""340"": 1.7175283643313486, ""437"": 1.7175283643313486}",0.001,10.0,1.0
0.567,0.6969,0.0083,150,"{3.8647, 4.702552, 4.1629567, 4.255466, 5.0, 11.736372, 12.548363, 13.797611, 14.28144, 15.459279, 14.495485, 17.125704, 17.783998, 19.99997, 19.999968, 19.99998, 19.999992, 19.999977, 18.26722, 19.999985, 19.775158, 19.999975, 19.999979, 11.694806, 11.802672, 11.350051, 11.256616, 12.894188, 12.162318, 13.409069, 13.42535, 13.333703, 14.913889, 14.087888, 14.96522, 18.601528, 15.179974, 15.497311, 15.266179, 15.146692, 16.311312, 16.248003, 17.361588, 17.139763, 17.223133, 17.523188, 17.655783, 18.519018, 17.90797, 17.324333, 18.536901, 17.789448, 19.169313, 19.909357, 19.685982, 19.460882, 19.99999, 19.999971, 19.999987, 19.917048, 19.684776, 19.999983, 19.999989, 19.999996, 19.999973, 19.942839, 19.991331, 19.977968, 19.999966, 19.999964}","{""0"": 0.8563385458224786, ""340"": 1.763469409872767, ""437"": 1.763469409872767}",0.001,10.0,1.0
0.565,0.6969,0.0087,92,"{3.9885938, 4.8379354, 4.295891, 4.4083934, 5.0, 11.646607, 12.141771, 13.770337, 14.287796, 15.0145035, 14.792499, 16.076708, 17.691383, 18.501904, 19.019281, 20.0, 18.03236, 19.938108, 17.728697, 19.999998, 17.778507, 19.218416, 19.235344, 20.94985, 11.654553, 12.989802, 12.019, 12.106257, 12.479674, 13.851237, 13.1691065, 13.727953, 14.520489, 15.601138, 15.754632, 15.404168, 15.495559, 15.598545, 16.852459, 16.029997, 16.717346, 17.95198, 18.152134, 18.287792, 18.560179, 18.421059, 19.225195, 20.99998, 20.999983, 20.919453, 20.999975, 20.999966, 20.999987, 20.999985, 20.991138, 20.999962, 20.999964, 20.999989, 20.99999, 20.999973, 20.999996, 20.999977}","{""0"": 0.8563385458224786, ""340"": 1.763469409872767, ""437"": 1.808469409872767}",0.001,10.0,1.0
0.5624,0.6969,0.0082,85,"{4.1109867, 4.97019, 4.427134, 4.560261, 5.0, 11.938239, 12.540524, 13.420964, 14.767906, 15.293362, 16.686874, 15.52468, 18.239458, 19.206165, 20.0, 19.759893, 18.687956, 18.298622, 18.327036, 19.896284, 17.376139, 18.767029, 19.198994, 21.87993, 21.818245, 12.337832, 12.40023, 12.788486, 12.047421, 13.43218, 14.120452, 14.2700205, 14.944336, 14.107403, 15.880158, 16.00675, 16.55522, 16.23006, 16.016478, 16.03613, 17.170166, 18.908545, 18.564983, 19.914997, 19.03707, 19.81953, 21.999977, 21.999979, 21.999983, 21.99998, 21.999971, 21.999996, 21.999973, 21.999964, 21.999987, 21.999985, 21.956648, 21.99996, 21.999962, 21.999989, 21.99999, 21.999975}","{""0"": 0.8563385458224786, ""340"": 1.763469409872767, ""437"": 1.853469409872767}",0.001,10.0,1.0
0.561,0.7008,0.0088,84,"{4.553853, 4.229035, 4.710892, 5.0, 12.926566, 13.8396435, 14.453085, 15.234197, 15.779889, 17.286924, 18.764193, 19.895214, 20.0, 19.327656, 18.845762, 18.846363, 16.019733, 17.880295, 19.359426, 19.504461, 19.81329, 22.777508, 22.711132, 22.999973, 22.99998, 22.999971, 22.999979, 22.99997, 22.999996, 12.641004, 12.679179, 12.215034, 12.434477, 13.681437, 13.081682, 14.671644, 14.470995, 15.356222, 16.391323, 16.686625, 16.338844, 16.521866, 16.453619, 17.061243, 17.597166, 19.158401, 19.629501, 20.388674, 22.999962, 22.999987, 22.999985, 22.918505, 22.999958, 22.99996, 22.999989, 22.99999, 22.999975, 22.999977}","{""0"": 0.8563385458224786, ""340"": 1.763469409872767, ""437"": 1.898469409872767}",0.001,10.0,1.0
0.5586,0.7008,0.0082,80,"{4.6790414, 4.345847, 4.858744, 5.0, 12.941415, 13.307166, 14.77355, 15.693077, 16.261856, 17.874386, 16.509262, 19.279526, 20.0, 19.955353, 19.37688, 19.358765, 18.361763, 19.930872, 19.999998, 19.726076, 20.201155, 23.637867, 23.582697, 23.999971, 23.99996, 12.950535, 12.484644, 12.817226, 13.925315, 13.370256, 23.99998, 23.999977, 14.249355, 14.823641, 23.99997, 23.999968, 23.999996, 15.069299, 15.764924, 16.75509, 16.786459, 16.853472, 17.563057, 17.134193, 17.019634, 18.007816, 20.944712, 23.999987, 23.999985, 23.874636, 23.985077, 23.999956, 23.999958, 23.999989, 23.99999, 23.999973, 23.999975}","{""0"": 0.8563385458224786, ""340"": 1.763469409872767, ""437"": 1.9434694098727672}",0.001,10.0,1.0
0.5562,0.7008,0.0086,77,"{4.797362, 4.4563174, 4.999999, 5.0, 12.74326, 13.679766, 14.650441, 15.455768, 15.079591, 16.142958, 16.735184, 18.454363, 19.774977, 20.0, 19.89174, 19.851406, 16.989716, 18.826973, 17.099766, 18.052706, 20.754717, 24.474, 24.425602, 24.99997, 24.999958, 24.999987, 13.230441, 13.208724, 13.645499, 13.193446, 14.154779, 15.16257, 16.160925, 17.566553, 17.220448, 17.506779, 17.236917, 24.999968, 18.397839, 24.999966, 24.999996, 24.815125, 24.943796, 24.999954, 24.999956, 24.999989, 24.99999, 24.999971, 24.999973, 24.999979, 24.999975, 21.473148, 24.999985}","{""0"": 0.8563385458224786, ""340"": 1.763469409872767, ""437"": 1.9868221827117338}",0.001,10.0,1.0
0.5554,0.7008,0.0086,73,"{4.5639176, 4.912673, 5.0, 12.994897, 13.509253, 13.455309, 15.829688, 15.039848, 14.042689, 15.373674, 16.57971, 17.194136, 17.456837, 19.0245, 20.0, 19.27768, 17.431288, 18.528387, 18.769346, 21.292612, 25.284721, 25.242323, 25.999968, 25.999956, 25.999987, 25.999985, 25.999977, 25.999973, 25.999966, 25.999964, 25.999996, 13.908462, 13.561582, 14.37518, 15.485674, 16.541534, 25.999952, 25.999954, 17.981943, 17.63769, 17.980993, 17.60662, 25.999989, 25.99999, 25.99997, 25.999971, 21.979298, 25.879057, 25.739521}","{""0"": 0.8563385458224786, ""340"": 1.763469409872767, ""437"": 2.026822182711734}",0.001,10.0,1.0
0.5541,0.7008,0.0086,70,"{26.64823, 4.669397, 4.9999995, 5.0, 26.778616, 26.99995, 26.999952, 26.999989, 26.99999, 26.999968, 13.695761, 13.783038, 15.422978, 14.400818, 15.656061, 16.197842, 17.010601, 17.646221, 19.592041, 20.0, 17.9184, 19.711569, 17.748434, 18.998388, 18.389996, 19.124937, 21.813313, 26.068567, 26.037363, 26.999966, 26.999954, 26.999987, 26.999985, 13.237484, 13.926174, 14.583777, 14.165689, 15.800324, 16.916737, 26.99997, 26.999975, 26.999973, 26.999964, 17.962011, 26.999971, 26.999962, 26.999996, 18.046968, 18.449541, 22.460836}","{""0"": 0.8563385458224786, ""340"": 1.763469409872767, ""437"": 2.066822182711734}",0.001,10.0,1.0
0.5523,0.7047,0.0083,69,"{4.7757664, 5.0, 27.66943, 27.999949, 27.99995, 27.999989, 27.99999, 13.474221, 14.0514965, 14.789592, 15.803155, 13.930887, 14.754293, 15.931655, 16.561474, 17.435755, 18.093855, 19.999998, 20.0, 18.37321, 18.058022, 19.459019, 19.475475, 22.32173, 26.846611, 26.82142, 27.999964, 27.999952, 27.999987, 27.999985, 27.554918, 27.999966, 27.999968, 27.999973, 27.999971, 27.999962, 27.99997, 27.99996, 27.999996, 27.999983, 14.414789, 14.285447, 16.112951, 17.284817, 18.788044, 18.45098, 18.907887, 18.311293, 22.93293}","{""0"": 0.8563385458224786, ""340"": 1.763469409872767, ""437"": 2.106822182711734}",0.001,10.0,1.0
0.5515,0.7126,0.0084,67,"{4.8801026, 5.0, 13.706593, 14.159064, 14.987085, 14.311462, 15.103459, 16.201963, 17.856564, 18.539797, 18.822296, 20.0, 18.36192, 19.90962, 19.177145, 18.847733, 19.813871, 22.825449, 27.61748, 27.603704, 28.999962, 28.99995, 28.999987, 28.999985, 28.455196, 28.55108, 28.999947, 28.999949, 28.999989, 28.99999, 28.999964, 28.999983, 14.656588, 14.644044, 28.999966, 28.999971, 28.99997, 28.99996, 28.999968, 28.999958, 28.999996, 28.99998, 16.915787, 16.181051, 16.42011, 17.643787, 18.654945, 19.361412, 23.390133}","{""0"": 0.8563385458224786, ""340"": 1.763469409872767, ""437"": 2.146822182711734}",0.001,10.0,1.0
0.5508,0.7126,0.0084,67,"{4.983559, 5.0, 13.935242, 14.381121, 14.893886, 15.178124, 14.569136, 15.448158, 16.464924, 17.267153, 18.270987, 18.9816, 20.0, 19.266525, 18.652805, 19.558151, 19.235458, 23.315916, 28.365463, 28.35498, 29.99996, 29.999949, 29.999987, 29.999985, 29.338968, 29.407429, 29.999945, 29.999947, 29.999958, 29.999966, 29.999956, 29.999996, 15.000252, 29.999979, 16.551678, 16.718782, 18.001226, 18.987906, 29.999989, 29.99999, 29.999962, 19.80777, 29.99998, 29.999964, 29.99997, 29.999968, 23.831083}","{""0"": 0.8563385458224786, ""340"": 1.763469409872767, ""437"": 2.186822182711734}",0.001,10.0,1.0
0.5497,0.7205,0.0081,65,"{5.0, 14.597657, 14.160414, 15.368409, 15.126636, 14.823966, 15.787362, 16.721378, 17.614424, 18.677794, 19.416779, 20.0, 19.70415, 18.933338, 19.930859, 19.614017, 23.794147, 29.092697, 29.079397, 30.999958, 30.999947, 30.999987, 30.999985, 30.206074, 30.256535, 30.999943, 30.999945, 30.999954, 30.999996, 30.999977, 15.345828, 16.914307, 17.009241, 18.34866, 19.311594, 20.245878, 30.999989, 30.99999, 30.99996, 30.99998, 30.999962, 24.267612, 30.999968, 30.999966, 30.999956, 30.999964}","{""0"": 0.8563385458224786, ""340"": 1.763469409872767, ""437"": 2.226822182711734}",0.001,10.0,1.0
0.5476,0.7205,0.0084,64,"{5.0, 31.999958, 14.385354, 15.557088, 15.360528, 14.812513, 15.080464, 16.127905, 16.974642, 17.963049, 19.858242, 19.085316, 20.0, 19.205694, 17.27675, 19.989897, 24.266554, 29.788568, 29.803417, 31.999956, 31.999945, 31.999987, 31.999985, 31.063786, 31.103647, 31.99994, 31.999943, 31.999989, 31.99999, 31.999983, 31.999979, 31.99996, 31.999966, 31.999964, 31.999954, 31.999962, 31.999952, 31.999996, 31.999977, 15.688774, 17.297338, 18.691656, 19.628887, 20.68554, 24.70011}","{""0"": 0.8563385458224786, ""340"": 1.763469409872767, ""437"": 2.266822182711734}",0.001,10.0,1.0
0.5482,0.7205,0.0082,62,"{5.0, 14.606621, 15.585776, 15.329824, 16.460627, 17.222128, 18.304043, 19.483786, 20.0, 19.46653, 17.630875, 15.018066, 24.728003, 19.024918, 21.112787, 19.938055, 25.121027, 30.46191, 30.499771, 32.999954, 32.999943, 32.999985, 31.895084, 31.938358, 32.99994, 32.99999, 32.999958, 32.99998, 32.999977, 32.999966, 32.99996, 32.99995, 32.999996, 15.740674, 16.022875, 17.57695}","{""0"": 0.8563385458224786, ""340"": 1.763469409872767, ""437"": 2.3062925464970228}",0.001,10.0,1.0
0.5465,0.7205,0.0085,60,"{5.0, 14.833113, 15.812634, 15.579429, 16.791277, 17.475008, 18.643759, 19.879965, 20.0, 19.731, 17.981716, 15.223331, 25.196533, 19.356077, 21.538681, 20.251564, 25.554754, 31.128939, 31.199747, 33.999954, 33.999943, 33.999985, 32.715927, 33.99994, 32.78955, 33.99999, 33.999958, 33.99998, 33.999977, 33.999966, 33.99996, 33.99995, 33.999996, 15.930008, 16.352766, 17.854599}","{""0"": 0.8563385458224786, ""340"": 1.763469409872767, ""437"": 2.341292546497023}",0.001,10.0,1.0
0.5453,0.7205,0.0084,60,"{5.0, 15.821753, 15.420929, 17.115871, 17.716234, 19.982977, 20.0, 18.976038, 18.32558, 15.050054, 16.108479, 16.030622, 19.680527, 21.956264, 25.64882, 20.552355, 25.965506, 31.777245, 31.879213, 33.52703, 34.999954, 34.999943, 34.999985, 34.99994, 33.609997, 34.99999, 34.999958, 34.99998, 34.999977, 34.999966, 34.99996, 34.99995, 34.999996, 16.67883, 18.122875}","{""0"": 0.8563385458224786, ""340"": 1.763469409872767, ""437"": 2.376292546497023}",0.001,10.0,1.0
0.5439,0.7205,0.0084,59,"{5.0, 15.615529, 16.063038, 17.437834, 17.957289, 19.30681, 20.0, 18.665234, 15.268704, 16.287458, 16.245876, 20.000134, 26.10015, 22.369093, 20.8524, 26.374683, 32.55636, 32.403873, 34.32333, 35.999954, 35.999943, 35.999985, 35.996452, 34.428917, 35.99994, 35.99999, 35.999958, 35.99998, 35.999977, 35.999966, 35.99996, 35.99995, 35.999996, 16.999819, 18.386679}","{""0"": 0.8563385458224786, ""340"": 1.763469409872767, ""437"": 2.411292546497023}",0.001,10.0,1.0
0.5434,0.7283,0.0085,58,"{5.0, 15.806066, 16.302338, 17.758184, 18.197176, 19.635757, 20.0, 19.003017, 15.488074, 16.466223, 16.45798, 20.316626, 26.549225, 22.778223, 21.150042, 26.782644, 33.229282, 33.019848, 35.11657, 36.999954, 36.99994, 36.999985, 36.97527, 35.253693, 36.999943, 36.99999, 36.999958, 36.99998, 36.999977, 36.999966, 36.99996, 36.99995, 36.999996, 36.970444, 17.319586, 18.647348}","{""0"": 0.8563385458224786, ""340"": 1.763469409872767, ""437"": 2.446292546497023}",0.001,10.0,1.0
0.5415,0.7362,0.0085,58,"{5.0, 15.993071, 16.537956, 15.7012615, 18.076096, 19.961248, 18.430838, 20.0, 19.339771, 16.640287, 16.66696, 20.624943, 26.987167, 23.183521, 21.439617, 27.18251, 33.887833, 33.62411, 35.896606, 36.069904, 37.999954, 37.99994, 37.999985, 37.945976, 37.999943, 37.99999, 37.999958, 37.99998, 37.999977, 37.999966, 37.99996, 37.99995, 37.999996, 37.91313, 17.632626, 18.90702}","{""0"": 0.8563385458224786, ""340"": 1.763469409872767, ""437"": 2.4812925464970226}",0.001,10.0,1.0
0.5405,0.7362,0.0084,58,"{5.0, 15.908604, 16.764603, 16.171011, 18.390451, 19.674686, 18.657743, 20.0, 16.807802, 16.865599, 20.925276, 23.582708, 21.722935, 27.419016, 19.160341, 27.57211, 34.544765, 34.221836, 36.68236, 36.891148, 38.999954, 38.99994, 38.999985, 38.898064, 38.999943, 38.99999, 38.999958, 38.99998, 38.999977, 38.999966, 38.99996, 38.99995, 38.999996, 38.812176, 17.944183}","{""0"": 0.8563385458224786, ""340"": 1.763469409872767, ""437"": 2.5162925464970227}",0.001,10.0,1.0
0.5401,0.7362,0.0084,57,"{5.0, 16.987793, 16.34565, 18.702375, 19.999998, 18.883759, 20.0, 16.116247, 16.973566, 17.061262, 21.21998, 23.978674, 27.850248, 22.004719, 27.957884, 34.813953, 35.198296, 37.461006, 37.713535, 39.999954, 39.990906, 39.999985, 39.84853, 39.99994, 39.999943, 39.99999, 39.999958, 39.99998, 39.999977, 39.999966, 39.99996, 39.99995, 39.999996, 39.683487, 18.254122, 19.410536}","{""0"": 0.8563385458224786, ""340"": 1.763469409872767, ""437"": 2.551292546497023}",0.001,10.0,1.0
0.5392,0.7323,0.0086,56,"{5.0, 16.51884, 17.210556, 16.320139, 19.105045, 19.013744, 20.0, 17.13577, 17.255754, 21.516468, 24.37299, 22.280426, 18.565851, 28.272799, 28.335337, 35.839638, 35.403847, 38.24246, 38.52249, 40.999954, 40.983883, 40.999985, 40.793537, 40.99994, 40.999943, 40.99999, 40.999958, 40.99998, 40.999977, 40.999966, 40.99996, 40.99995, 40.999996, 40.543186, 19.659637}","{""0"": 0.8563385458224786, ""340"": 1.763469409872767, ""437"": 2.586292546497023}",0.001,10.0,1.0
0.5374,0.7402,0.0085,56,"{5.0, 16.688541, 17.432182, 16.524855, 19.324545, 19.325003, 20.0, 17.29251, 17.44754, 21.80899, 24.766558, 22.553553, 18.876616, 28.69461, 28.700317, 35.968117, 36.476753, 39.005035, 39.317577, 41.999954, 41.964558, 41.999985, 41.71511, 41.99994, 41.999943, 41.99999, 41.999958, 41.99998, 41.999977, 41.999966, 41.99996, 41.99995, 41.999996, 41.976032, 41.383064, 19.903875}","{""0"": 0.8563385458224786, ""340"": 1.763469409872767, ""437"": 2.621292546497023}",0.001,10.0,1.0
0.5368,0.7362,0.0083,56,"{5.0, 16.853605, 17.650223, 16.725998, 19.53679, 19.63341, 20.0, 17.4414, 17.634487, 22.097382, 25.156256, 22.81818, 19.189165, 20.140238, 29.107086, 29.04569, 36.52046, 37.095947, 39.761944, 40.085915, 42.999954, 42.919827, 42.999985, 42.616375, 42.99994, 42.999943, 42.99999, 42.999958, 42.99998, 42.999977, 42.999966, 42.99996, 42.99995, 42.999996, 42.917683, 42.196865}","{""0"": 0.8563385458224786, ""340"": 1.763469409872767, ""437"": 2.656292546497023}",0.001,10.0,1.0
0.5358,0.7402,0.0081,56,"{5.0, 16.92341, 17.865522, 17.01443, 19.74392, 19.939514, 20.0, 17.587568, 17.816702, 22.382402, 25.541512, 23.077198, 19.498684, 20.371714, 29.512152, 29.384844, 37.707504, 37.060173, 40.51798, 40.849083, 42.994625, 43.999954, 43.855946, 43.999985, 43.512005, 43.99994, 43.99999, 43.999958, 43.99998, 43.999977, 43.999966, 43.99996, 43.99995, 43.999996, 43.835785}","{""0"": 0.8563385458224786, ""340"": 1.763469409872767, ""437"": 2.6912925464970225}",0.001,10.0,1.0
0.5351,0.7362,0.0083,56,"{5.0, 17.172289, 18.07659, 19.94625, 20.0, 17.116144, 17.730698, 17.996363, 22.665411, 25.91902, 23.329157, 19.805607, 20.599237, 29.906471, 29.717054, 37.598003, 38.300568, 41.265938, 41.594963, 43.770676, 44.999954, 44.77659, 44.999985, 44.409634, 44.99994, 44.99999, 44.999958, 44.99998, 44.999977, 44.999966, 44.99996, 44.99995, 44.999996, 44.730957}","{""0"": 0.8563385458224786, ""340"": 1.763469409872767, ""437"": 2.7262925464970227}",0.001,10.0,1.0
0.5331,0.752,0.0084,55,"{5.0, 17.32608, 18.283604, 17.307775, 20.0, 17.872374, 18.172651, 22.941187, 23.5773, 20.106882, 26.290695, 20.821926, 30.296587, 30.0462, 38.884117, 38.123634, 41.999718, 42.33906, 44.5185, 45.999954, 45.698956, 45.999985, 45.309128, 45.99994, 45.99999, 45.999958, 45.99998, 45.999977, 45.999966, 45.99996, 45.99995, 45.999996, 45.59362}","{""0"": 0.8563385458224786, ""340"": 1.763469409872767, ""437"": 2.761292546497023}",0.001,10.0,1.0
0.532,0.752,0.0086,54,"{5.0, 17.475817, 18.488771, 17.495989, 20.0, 18.008545, 18.344938, 23.210762, 23.817543, 20.403746, 26.657171, 21.03974, 30.675714, 30.360561, 38.623634, 39.451626, 42.71539, 43.061146, 45.23727, 46.184914, 46.999954, 46.58634, 46.999985, 46.99994, 46.99999, 46.999958, 46.99998, 46.999977, 46.999966, 46.99996, 46.976852, 46.99995, 46.999996, 46.416695}","{""0"": 0.8563385458224786, ""340"": 1.763469409872767, ""437"": 2.791551055796427}",0.001,10.0,1.0
0.5311,0.7559,0.0088,54,"{5.0, 17.620714, 18.686872, 17.675934, 20.0, 18.138298, 18.512163, 23.471706, 24.048176, 20.694176, 21.252321, 27.016848, 30.663391, 31.042068, 39.99984, 39.11774, 43.418743, 43.765095, 45.933178, 47.999985, 47.053783, 47.999954, 47.474857, 47.99994, 47.99999, 47.999958, 47.99998, 47.999977, 47.999966, 47.99996, 47.9269, 47.99995, 47.999996, 47.21601}","{""0"": 0.8563385458224786, ""340"": 1.763469409872767, ""437"": 2.8215510557964274}",0.001,10.0,1.0
0.5313,0.752,0.0082,54,"{5.0, 17.76143, 18.880892, 17.854218, 20.0, 18.265106, 18.676716, 23.728216, 24.27443, 20.981543, 21.45967, 27.373114, 30.962414, 31.405167, 39.60226, 40.53768, 44.110256, 44.46655, 46.60664, 47.913136, 48.999954, 48.335903, 48.999985, 48.99994, 48.99999, 48.999958, 48.99998, 48.999977, 48.999966, 48.99996, 47.99224, 48.85407, 48.99995, 48.999996}","{""0"": 0.8563385458224786, ""340"": 1.763469409872767, ""437"": 2.8515510557964276}",0.001,10.0,1.0
0.5323,0.7362,0.0088,54,"{5.0, 17.900595, 18.029282, 19.073378, 20.0, 18.389713, 18.839355, 23.984804, 21.267155, 24.498163, 21.665577, 27.727743, 31.76456, 31.25826, 40.080875, 41.073387, 44.799328, 45.161972, 47.28217, 48.77201, 49.999954, 49.198265, 49.999985, 49.99994, 49.99999, 49.999958, 49.99998, 49.999977, 49.999966, 49.99996, 49.99995, 49.999996, 48.770447, 49.784893}","{""0"": 0.8563385458224786, ""340"": 1.763469409872767, ""437"": 2.8815510557964275}",0.001,10.0,1.0
0.5313,0.7441,0.0084,54,"{5.0, 18.201296, 18.039652, 19.265663, 20.0, 18.513468, 19.002522, 24.241474, 21.552565, 24.717907, 21.871126, 28.083107, 31.553452, 32.11879, 40.56544, 41.599617, 45.49398, 45.855328, 47.95861, 49.643173, 50.999954, 50.06481, 50.999985, 50.99994, 50.99999, 50.999958, 50.99998, 50.999977, 50.999966, 50.99996, 50.99995, 50.999996, 50.994984, 49.551773, 50.717426}","{""0"": 0.8563385458224786, ""340"": 1.763469409872767, ""437"": 2.9115510557964273}",0.001,10.0,1.0
0.5301,0.752,0.0086,54,"{51.630165, 51.99995, 51.999996, 51.971, 5.0, 18.374325, 18.177607, 19.457422, 20.0, 18.636763, 19.164463, 24.494167, 21.83539, 24.93736, 22.076124, 28.436049, 31.845695, 32.472103, 41.039204, 42.124813, 46.17782, 46.546047, 48.618786, 50.496387, 51.999954, 50.934296, 51.999985, 51.99994, 51.99999, 51.999958, 51.99998, 51.999977, 51.999966, 51.99996, 50.311523}","{""0"": 0.8563385458224786, ""340"": 1.763469409872767, ""437"": 2.9415510557964275}",0.001,10.0,1.0
0.5291,0.7362,0.0083,54,"{51.046738, 5.0, 52.516, 52.99995, 52.999996, 52.91435, 52.98966, 18.54356, 18.31343, 19.6461, 20.0, 18.757399, 19.323591, 24.740805, 22.11321, 25.151756, 22.279366, 28.782919, 32.816547, 32.13041, 41.505215, 42.638496, 46.85004, 47.22261, 49.259026, 51.33971, 52.999954, 51.80652, 52.999985, 52.99994, 52.99999, 52.999958, 52.99998, 52.999977, 52.999966, 52.99996}","{""0"": 0.8563385458224786, ""340"": 1.763469409872767, ""437"": 2.9715510557964273}",0.001,10.0,1.0
0.5284,0.7402,0.0085,54,"{5.0, 53.371853, 53.99995, 53.999996, 53.823273, 53.922707, 18.71183, 18.448559, 19.83363, 20.0, 18.873665, 19.483795, 24.980364, 22.38791, 25.361889, 22.482931, 29.13013, 32.405746, 33.156437, 41.960976, 43.138172, 47.498238, 47.883953, 49.87491, 51.757225, 52.17918, 53.999954, 52.668816, 53.999985, 53.99994, 53.99999, 53.999958, 53.99998, 53.999977, 53.999966, 53.99996}","{""0"": 0.8563385458224786, ""340"": 1.763469409872767, ""437"": 3.001551055796427}",0.001,10.0,1.0
0.5278,0.748,0.0081,54,"{5.0, 52.436543, 54.98443, 54.99995, 18.988073, 18.580734, 18.880827, 20.0, 19.641571, 22.661509, 22.683567, 25.21496, 25.570417, 29.473873, 32.676666, 33.4955, 42.4101, 43.63298, 48.136448, 48.543526, 50.463894, 52.99974, 53.51574, 54.999954, 54.999985, 54.99994, 54.99999, 54.999958, 54.99998, 54.999977, 54.999966, 54.99996, 54.19629, 54.999996, 54.710003, 54.81318}","{""0"": 0.8563385458224786, ""340"": 1.763469409872767, ""437"": 3.0315510557964274}",0.001,10.0,1.0
0.5268,0.7441,0.0087,53,"{5.0, 53.098915, 18.711056, 19.100534, 19.05274, 20.0, 19.800373, 22.93934, 22.880793, 25.451208, 25.777945, 55.94349, 55.99995, 29.817766, 55.999996, 32.94505, 33.837097, 42.857113, 44.11972, 48.76555, 49.19979, 51.03396, 53.80398, 54.336117, 55.999954, 55.999985, 55.99994, 55.99999, 55.999958, 55.99998, 55.999977, 55.999966, 55.99996, 55.000587, 55.57989, 55.65518}","{""0"": 0.8563385458224786, ""340"": 1.763469409872767, ""437"": 3.0615510557964276}",0.001,10.0,1.0
0.525,0.752,0.0081,53,"{5.0, 18.840816, 19.214619, 19.22779, 20.0, 19.95884, 23.215988, 23.07825, 25.683178, 25.987074, 55.788605, 56.99995, 56.999996, 30.162092, 56.44131, 56.486675, 33.215683, 34.1818, 43.301296, 44.60938, 49.39306, 49.86787, 51.589725, 53.74267, 54.60075, 55.16357, 56.999985, 56.999954, 56.99994, 56.99999, 56.999958, 56.99998, 56.999977, 56.999966, 56.99996, 56.8847}","{""0"": 0.8563385458224786, ""340"": 1.763469409872767, ""437"": 3.0915510557964274}",0.001,10.0,1.0
0.5255,0.7402,0.0082,53,"{5.0, 18.967735, 19.327147, 19.400724, 20.0, 23.491592, 23.273958, 25.910809, 26.19149, 56.536, 30.500795, 57.99995, 57.999996, 33.482315, 34.519604, 57.26163, 57.276516, 43.747593, 45.086365, 50.017445, 50.53282, 52.11452, 54.35106, 55.97348, 55.390476, 57.999985, 57.999954, 57.99994, 57.99999, 57.999958, 57.99998, 57.999977, 57.999966, 57.99996, 57.78075}","{""0"": 0.8563385458224786, ""340"": 1.763469409872767, ""437"": 3.121551055796427}",0.001,10.0,1.0
0.5244,0.7323,0.0081,52,"{5.0, 19.576939, 19.442764, 19.093878, 20.0, 23.765793, 23.468344, 26.396406, 26.136845, 30.837753, 57.26552, 33.755074, 34.85907, 58.999947, 58.999996, 58.0657, 58.052975, 44.193783, 45.560062, 50.640015, 51.210648, 52.625175, 54.943928, 56.178535, 56.77775, 58.999954, 58.999985, 58.99994, 58.99999, 58.999958, 58.99998, 58.999977, 58.999966, 58.99996, 58.65337}","{""0"": 0.8563385458224786, ""340"": 1.763469409872767, ""437"": 3.1515510557964275}",0.001,10.0,1.0
0.5242,0.7323,0.0082,52,"{5.0, 19.746214, 19.552963, 19.213322, 20.0, 23.654972, 24.032745, 26.59169, 26.354643, 31.166744, 34.01711, 35.185925, 58.81484, 58.800716, 59.999947, 59.999996, 44.62044, 46.017025, 51.250744, 51.876877, 53.107697, 55.501656, 56.952427, 57.56696, 57.96467, 59.999985, 59.999954, 59.99994, 59.99999, 59.999958, 59.99998, 59.999977, 59.999966, 59.99996, 59.489788}","{""0"": 0.8563385458224786, ""340"": 1.763469409872767, ""437"": 3.1815510557964273}",0.001,10.0,1.0
0.5235,0.7402,0.0083,52,"{5.0, 19.914095, 19.660975, 19.330805, 20.0, 23.837738, 24.29794, 26.782667, 26.573261, 31.493177, 34.275112, 35.50774, 59.534958, 59.529743, 45.034027, 46.462097, 60.999947, 60.999996, 51.849022, 52.53092, 53.58259, 56.051785, 57.722965, 58.342445, 58.656303, 60.999985, 60.999954, 60.99994, 60.99999, 60.999958, 60.99998, 60.999977, 60.999966, 60.99996, 60.312016}","{""0"": 0.8563385458224786, ""340"": 1.763469409872767, ""437"": 3.211551055796427}",0.001,10.0,1.0
0.5229,0.7441,0.0081,52,"{5.0, 19.767778, 19.446928, 20.0, 24.55966, 24.019464, 26.97253, 26.789095, 31.817966, 34.530933, 35.828426, 45.435207, 46.904385, 60.23758, 60.238106, 61.998272, 52.433117, 53.18166, 61.999996, 54.047707, 56.590614, 58.482124, 59.114628, 59.33601, 61.999985, 61.999954, 61.99994, 61.99999, 61.999958, 61.99998, 61.999977, 61.999966, 61.99996, 61.118866}","{""0"": 0.8563385458224786, ""340"": 1.763469409872767, ""437"": 3.2415510557964273}",0.001,10.0,1.0
0.5217,0.7441,0.0082,51,"{5.0, 19.870857, 19.560482, 20.0, 24.197584, 24.81642, 27.156443, 27.001299, 32.137234, 34.77912, 36.139763, 45.8281, 60.91961, 47.33456, 60.933685, 61.914345, 53.006645, 53.81463, 54.50556, 62.999996, 57.121506, 59.876328, 59.226685, 60.006027, 62.999985, 62.999954, 62.99994, 62.99999, 62.999958, 62.99998, 62.999977, 62.999966, 62.99996, 62.97848}","{""0"": 0.8563385458224786, ""340"": 1.763469409872767, ""437"": 3.2715510557964276}",0.001,10.0,1.0
0.5215,0.7441,0.0086,51,"{5.0, 19.971502, 19.670202, 20.0, 24.37207, 25.068626, 27.33691, 27.20937, 32.44977, 35.023354, 36.44567, 46.21371, 47.76096, 63.999996, 63.98704, 61.584305, 53.574203, 54.44351, 54.950047, 61.61191, 57.636143, 59.96132, 60.625305, 60.658913, 62.69132, 63.999985, 63.999954, 63.99994, 63.99999, 63.999958, 63.99998, 63.999977, 63.999966, 63.99996, 63.94848}","{""0"": 0.8563385458224786, ""340"": 1.763469409872767, ""437"": 3.3015510557964274}",0.001,10.0,1.0
0.5218,0.7441,0.0088,51,"{5.0, 19.779575, 20.0, 24.544052, 25.319347, 27.517351, 27.415457, 32.761982, 35.268078, 36.752552, 46.58827, 48.183517, 54.1347, 55.07422, 55.386024, 62.2344, 58.138515, 62.287056, 60.688118, 61.371883, 61.303806, 63.454494, 64.999954, 64.999985, 64.99994, 64.99998, 64.99996, 64.89276, 64.99999, 64.94912}","{""0"": 0.8563385458224786, ""340"": 1.763469409872767, ""437"": 3.331551055796427}",0.001,10.0,1.0
0.5211,0.7362,0.0084,50,"{5.0, 19.889067, 20.0, 24.71569, 25.570044, 27.69665, 27.622032, 33.07555, 35.513557, 37.05853, 46.960606, 48.60208, 54.694614, 55.70617, 55.820778, 62.87384, 58.639687, 62.96304, 61.419254, 62.11587, 61.948647, 64.215164, 65.999954, 65.999985, 65.99994, 65.99998, 65.99996, 65.82923, 65.99999, 65.903564}","{""0"": 0.8563385458224786, ""340"": 1.763469409872767, ""437"": 3.3615510557964274}",0.001,10.0,1.0
0.5213,0.7441,0.0088,50,"{5.0, 19.99614, 20.0, 24.88525, 25.821678, 27.871532, 27.827446, 33.390053, 35.754444, 37.360584, 47.325207, 49.01106, 63.614285, 55.251064, 56.337097, 56.238186, 59.120636, 63.47695, 62.146244, 62.84322, 62.57571, 64.95321, 66.999954, 66.999985, 66.99994, 66.99998, 66.99996, 66.972786, 66.74174, 66.99999, 66.821045, 66.98268}","{""0"": 0.8563385458224786, ""340"": 1.763469409872767, ""437"": 3.3915510557964272}",0.001,10.0,1.0
0.5206,0.7441,0.0081,50,"{5.0, 20.0, 25.05597, 26.074196, 28.044533, 28.033726, 33.703735, 35.998005, 37.658142, 47.702137, 49.41375, 55.82056, 56.97029, 56.655823, 59.601673, 62.882835, 63.583473, 63.2004, 65.688614, 64.0737, 67.999954, 67.999985, 67.99994, 67.99998, 67.99996, 67.94431, 67.65093, 67.99999, 67.73865, 67.959496, 64.28003}","{""0"": 0.8563385458224786, ""340"": 1.763469409872767, ""437"": 3.4215510557964275}",0.001,10.0,1.0
0.5198,0.7402,0.0081,49,"{5.0, 20.0, 25.223259, 26.323608, 28.214264, 28.236301, 34.013245, 36.238007, 37.951893, 48.068226, 49.81025, 56.38096, 57.60205, 57.055466, 60.061256, 63.603634, 64.319954, 63.803516, 66.39809, 64.643616, 68.999954, 68.999985, 68.99994, 68.99998, 68.99996, 68.87302, 68.52989, 68.99999, 68.616745, 68.899994, 64.91991}","{""0"": 0.8563385458224786, ""340"": 1.763469409872767, ""437"": 3.4515510557964273}",0.001,10.0,1.0
0.518,0.7362,0.0082,49,"{5.0, 20.0, 25.38558, 26.57184, 28.379257, 28.43695, 34.31817, 36.47094, 38.24004, 48.424515, 50.197224, 56.933655, 57.439804, 58.22329, 60.503063, 64.30873, 65.0328, 64.38934, 67.08637, 65.18857, 69.999954, 69.999985, 69.99994, 69.99998, 69.99996, 69.7671, 69.394455, 69.99999, 69.462296, 69.81195, 65.53418}","{""0"": 0.8563385458224786, ""340"": 1.763469409872767, ""437"": 3.476938819745534}",0.001,10.0,1.0
0.5185,0.7402,0.0084,49,"{5.0, 20.0, 25.544127, 26.81487, 28.539833, 28.628914, 34.61842, 36.69422, 38.523537, 48.768482, 50.57896, 57.469555, 58.837025, 57.802128, 60.920116, 64.9979, 65.73736, 64.948135, 67.747826, 65.71241, 66.106804, 70.999954, 70.999985, 70.99994, 70.99998, 70.99996, 70.62559, 70.23372, 70.96805, 70.99999, 70.276665, 70.69667}","{""0"": 0.8563385458224786, ""340"": 1.763469409872767, ""437"": 3.5019388197455346}",0.001,10.0,1.0
0.5185,0.7402,0.0082,49,"{5.0, 20.0, 25.702257, 27.05668, 28.698307, 28.820381, 34.920773, 36.91776, 38.80459, 49.108047, 50.952522, 58.001747, 59.449055, 58.16315, 61.335747, 65.68401, 66.45788, 65.506836, 68.40549, 66.22154, 66.682495, 71.999954, 71.999985, 71.99994, 71.99998, 71.99996, 71.47534, 71.04519, 71.923775, 71.99999, 71.0817, 71.5592}","{""0"": 0.8563385458224786, ""340"": 1.763469409872767, ""437"": 3.526938819745534}",0.001,10.0,1.0
0.5189,0.7362,0.009,49,"{5.0, 20.0, 25.857435, 27.294352, 28.85204, 29.008589, 35.217674, 37.137383, 39.07764, 49.44434, 51.31736, 58.53207, 58.516056, 60.05364, 61.741528, 66.37176, 67.17693, 66.05439, 69.0505, 66.71305, 71.85221, 72.999954, 72.999985, 72.99994, 72.99406, 72.99998, 72.99996, 72.30538, 72.86352, 72.99999, 72.41584, 67.25271, 71.86818}","{""0"": 0.8563385458224786, ""340"": 1.763469409872767, ""437"": 3.5519388197455344}",0.001,10.0,1.0
0.519,0.7362,0.0085,49,"{5.0, 20.0, 26.012281, 27.527378, 29.003931, 29.196045, 35.51353, 37.359516, 39.347626, 49.77095, 51.676205, 58.86564, 59.052498, 60.65935, 62.143745, 66.59726, 67.89853, 67.06233, 69.68539, 67.18469, 67.819626, 72.63599, 73.999954, 73.999985, 73.99994, 73.965645, 73.99998, 73.99996, 73.11863, 73.78716, 73.99999, 73.25656, 72.63159}","{""0"": 0.8563385458224786, ""340"": 1.763469409872767, ""437"": 3.5769388197455343}",0.001,10.0,1.0
0.5175,0.7402,0.0084,49,"{5.0, 20.0, 26.166292, 27.762926, 29.15554, 29.38471, 35.811714, 37.578922, 39.618168, 50.092567, 52.029236, 59.5673, 59.21305, 61.256207, 62.542866, 67.747505, 68.615036, 67.13903, 70.31558, 67.6497, 68.38151, 73.9203, 74.999954, 74.999985, 74.99994, 74.93297, 74.99998, 74.99996, 73.41275, 74.693214, 74.99999, 74.087204, 73.38818}","{""0"": 0.8563385458224786, ""340"": 1.763469409872767, ""437"": 3.601938819745534}",0.001,10.0,1.0
0.5177,0.7402,0.0083,49,"{5.0, 20.0, 26.316555, 27.99525, 29.30357, 29.568514, 36.103794, 37.790806, 39.883, 50.406338, 52.37698, 59.546993, 60.075375, 61.84249, 62.924755, 67.663315, 68.41493, 69.3155, 70.92745, 68.10021, 68.92559, 74.69045, 75.999954, 75.999985, 75.99994, 75.90386, 75.99998, 75.99996, 74.17671, 75.57398, 75.99999, 74.121574, 74.90121}","{""0"": 0.8563385458224786, ""340"": 1.763469409872767, ""437"": 3.6269388197455346}",0.001,10.0,1.0
0.516,0.7362,0.0083,49,"{5.0, 20.0, 26.461914, 28.22272, 29.447395, 29.744642, 36.39195, 37.996864, 40.141926, 50.715782, 52.717327, 59.872913, 60.58307, 62.423374, 63.29526, 68.1798, 69.07842, 70.01736, 71.53243, 68.5441, 69.47491, 74.92682, 75.442154, 76.999954, 76.999985, 76.99994, 76.84568, 76.99998, 76.99996, 76.44065, 76.99999, 75.70975, 74.84942}","{""0"": 0.8563385458224786, ""340"": 1.763469409872767, ""437"": 3.651938819745534}",0.001,10.0,1.0
0.5154,0.7402,0.0084,49,"{5.0, 20.0, 26.605326, 28.450129, 29.58873, 29.916391, 36.679035, 38.194725, 40.397705, 51.019135, 53.051407, 60.186657, 61.08396, 62.99236, 63.650116, 68.68139, 69.72964, 70.708916, 68.975914, 72.12175, 70.006775, 75.664024, 76.1661, 77.999954, 77.999985, 77.99994, 77.794304, 77.99998, 77.99996, 77.27954, 77.99999, 76.5047, 75.56184}","{""0"": 0.8563385458224786, ""340"": 1.763469409872767, ""437"": 3.6769388197455344}",0.001,10.0,1.0
0.5152,0.7441,0.0086,49,"{5.0, 20.0, 26.747633, 28.677492, 29.72574, 30.088215, 36.963074, 38.386776, 40.646534, 51.321934, 53.375664, 60.492897, 61.58042, 63.546776, 63.997887, 69.17145, 70.37713, 71.39239, 72.69807, 69.39051, 70.51867, 76.87876, 76.39985, 78.999954, 78.999985, 78.99994, 78.75152, 78.99998, 78.99996, 78.102684, 78.99999, 77.2861, 76.258446}","{""0"": 0.8563385458224786, ""340"": 1.763469409872767, ""437"": 3.7019388197455343}",0.001,10.0,1.0
0.5153,0.7441,0.0082,49,"{5.0, 20.0, 26.888496, 28.903667, 29.863344, 30.25896, 37.246864, 38.578037, 40.897087, 51.614212, 53.698498, 60.794044, 62.065376, 64.09872, 64.33897, 69.65581, 69.798355, 71.019905, 72.06973, 73.264786, 71.02059, 76.93884, 77.57235, 77.12622, 79.999954, 79.999985, 79.99994, 79.69084, 79.99998, 79.99996, 78.905685, 79.99999, 78.06005}","{""0"": 0.8563385458224786, ""340"": 1.763469409872767, ""437"": 3.726938819745534}",0.001,10.0,1.0
0.5146,0.7441,0.0081,49,"{77.61049, 5.0, 78.82514, 20.0, 27.030643, 29.130106, 30.000675, 30.43031, 37.53077, 38.768784, 41.1464, 51.905247, 54.01861, 61.09295, 62.54703, 64.6466, 64.67728, 70.135544, 71.6591, 72.74578, 73.825, 70.19891, 71.51711, 77.843895, 78.25717, 79.69808, 80.999954, 80.999985, 80.99994, 80.63218, 80.99998, 80.99996, 80.99999, 80.98839}","{""0"": 0.8563385458224786, ""340"": 1.763469409872767, ""437"": 3.751938819745534}",0.001,10.0,1.0
0.5137,0.748,0.0085,49,"{5.0, 78.27293, 79.58343, 20.0, 27.168789, 29.354433, 30.13524, 30.59718, 37.812836, 38.95369, 41.392822, 52.18851, 54.334286, 61.3845, 63.024364, 65.18827, 65.00567, 70.60887, 70.59196, 72.289696, 73.41071, 74.378426, 72.00844, 78.924286, 78.55256, 80.47685, 81.999954, 81.999985, 81.99994, 81.558586, 81.99998, 81.99996, 81.99999, 81.94792}","{""0"": 0.8563385458224786, ""340"": 1.763469409872767, ""437"": 3.7769388197455345}",0.001,10.0,1.0
0.5135,0.748,0.0082,49,"{5.0, 80.321556, 20.0, 27.304241, 29.57592, 30.265583, 30.760801, 38.091106, 39.13398, 41.632946, 52.468212, 54.640495, 61.666374, 63.495888, 65.72107, 65.323616, 70.969055, 71.0689, 72.91443, 72.48493, 74.07288, 74.916794, 78.916954, 79.5731, 79.24577, 81.2343, 82.999954, 82.999985, 82.99994, 82.49565, 82.99998, 82.99996, 82.99999, 82.87833}","{""0"": 0.8563385458224786, ""340"": 1.763469409872767, ""437"": 3.8019388197455344}",0.001,10.0,1.0
0.5138,0.7441,0.0082,49,"{5.0, 20.0, 81.037125, 27.438633, 29.79635, 30.394701, 30.924257, 38.365738, 39.317184, 41.870506, 52.748055, 54.94137, 61.93895, 63.969036, 65.63052, 66.25939, 71.51443, 71.33057, 73.54078, 74.719696, 75.43596, 72.95486, 79.92337, 80.19433, 81.96213, 79.53335, 83.999954, 83.999985, 83.99994, 83.42172, 83.99998, 83.98942, 83.99996, 83.99999, 83.77275}","{""0"": 0.8563385458224786, ""340"": 1.763469409872767, ""437"": 3.8269388197455343}",0.001,10.0,1.0
0.5134,0.748,0.0084,49,"{5.0, 20.0, 81.74044, 27.573032, 30.018648, 30.52433, 31.088379, 38.641125, 39.500523, 42.11001, 53.03161, 55.241325, 62.21002, 64.43967, 65.93797, 66.7971, 71.95724, 71.69571, 73.412964, 74.16342, 75.36589, 75.952835, 80.82219, 80.597595, 82.68674, 80.152214, 84.999954, 84.999985, 84.99994, 84.36324, 84.99998, 84.98131, 84.99996, 84.99968, 84.99999, 84.65985}","{""0"": 0.8563385458224786, ""340"": 1.763469409872767, ""437"": 3.851938819745534}",0.001,10.0,1.0
0.5119,0.748,0.0081,49,"{5.0, 20.0, 27.703104, 30.238787, 30.650658, 31.248127, 38.915253, 39.67475, 42.345932, 53.29826, 55.533756, 62.471077, 64.89589, 66.23172, 67.31922, 72.39044, 72.04472, 74.7679, 75.996895, 76.4568, 73.8569, 80.750404, 81.41949, 81.25416, 83.38491, 82.42951, 85.999954, 85.999985, 85.99994, 85.272064, 85.99998, 85.94675, 85.99996, 85.9632, 85.99999, 85.50035}","{""0"": 0.8563385458224786, ""340"": 1.763469409872767, ""437"": 3.876938819745534}",0.001,10.0,1.0
0.512,0.748,0.0082,49,"{5.0, 20.0, 27.830095, 30.454699, 30.771034, 31.402197, 39.18513, 39.840515, 42.5725, 86.3057, 53.557846, 55.8147, 62.71978, 65.34451, 66.51078, 67.82699, 72.80712, 72.3725, 74.284645, 75.35796, 76.62318, 76.943016, 81.99049, 81.88538, 81.32668, 84.05837, 83.093765, 86.999954, 86.999985, 86.99994, 86.19094, 86.99998, 86.86019, 86.99996, 86.99506, 86.875626, 86.99999}","{""0"": 0.8563385458224786, ""340"": 1.763469409872767, ""437"": 3.9019388197455345}",0.001,10.0,1.0
0.5111,0.748,0.0082,49,"{5.0, 20.0, 27.957254, 30.671024, 30.890852, 31.556133, 39.454006, 40.005634, 42.79774, 53.814175, 87.07839, 56.09172, 62.96115, 65.78931, 66.78071, 68.33258, 72.68815, 73.212395, 74.701935, 75.94191, 77.23405, 77.414276, 81.88259, 82.5388, 82.502075, 84.70738, 83.740395, 87.999985, 87.999954, 87.99937, 87.09799, 87.99998, 87.74537, 87.99996, 87.96367, 87.76285, 87.99999}","{""0"": 0.8563385458224786, ""340"": 1.763469409872767, ""437"": 3.9269388197455344}",0.001,10.0,1.0
0.5106,0.748,0.0083,49,"{5.0, 20.0, 28.084354, 30.887297, 31.009954, 31.71092, 39.720085, 40.17105, 43.02092, 54.067867, 56.364334, 63.195538, 66.23002, 67.04241, 68.83552, 72.991196, 73.605675, 75.10762, 76.52325, 77.8384, 77.86945, 82.415794, 83.065384, 83.11022, 85.33206, 84.37194, 87.82334, 88.999985, 88.996346, 88.011986, 88.999954, 88.99998, 88.60861, 88.99996, 88.908104, 88.63498, 88.99999}","{""0"": 0.8563385458224786, ""340"": 1.763469409872767, ""437"": 3.9519388197455343}",0.001,10.0,1.0
0.51,0.748,0.0081,49,"{5.0, 20.0, 28.208931, 31.102694, 31.128082, 31.865004, 39.984524, 40.336082, 43.24342, 54.31695, 56.633358, 88.547356, 63.42565, 66.66703, 67.2991, 69.337715, 73.99414, 73.28802, 75.50865, 77.103714, 78.43574, 78.31715, 82.93696, 83.57942, 83.713066, 85.94246, 84.994835, 88.92469, 89.999985, 89.99069, 89.999954, 89.99998, 89.46759, 89.99996, 89.84343, 89.50594, 89.99999}","{""0"": 0.8563385458224786, ""340"": 1.763469409872767, ""437"": 3.976938819745534}",0.001,10.0,1.0
0.5094,0.748,0.0081,49,"{5.0, 20.0, 28.332617, 31.316309, 32.017834, 31.247272, 40.24754, 40.50006, 43.467514, 54.55996, 56.902332, 63.654957, 89.25912, 67.09288, 67.554794, 69.83361, 73.5874, 74.380806, 75.90353, 77.68208, 78.76179, 79.03993, 83.45532, 84.089615, 84.31813, 86.54561, 85.62226, 89.83554, 90.999985, 90.98381, 90.999954, 90.99998, 90.34299, 90.99996, 90.78485, 90.37996, 90.99999}","{""0"": 0.8563385458224786, ""340"": 1.763469409872767, ""437"": 4.001938819745535}",0.001,10.0,1.0
0.509,0.748,0.0083,49,"{5.0, 20.0, 28.457495, 31.529722, 32.169792, 31.364494, 40.509644, 40.662285, 43.68732, 54.803497, 57.16564, 63.878147, 67.51829, 67.80309, 70.32516, 73.87411, 74.75693, 76.291115, 78.25709, 79.63781, 79.19423, 83.959236, 84.583786, 84.90804, 86.23409, 87.13154, 89.94955, 90.75525, 91.999985, 91.974815, 91.999954, 91.99998, 91.1806, 91.99996, 91.70157, 91.22202, 91.99999}","{""0"": 0.8563385458224786, ""340"": 1.763469409872767, ""437"": 4.026938819745535}",0.001,10.0,1.0
0.5086,0.752,0.0083,49,"{5.0, 20.0, 28.580574, 31.742825, 32.31772, 31.479752, 40.77192, 40.817516, 43.905006, 55.04353, 57.42558, 64.097, 67.93884, 68.045906, 70.80577, 74.15944, 75.12873, 76.67116, 78.821106, 79.624054, 80.236534, 84.4648, 85.07245, 85.4918, 87.71159, 86.84203, 90.62154, 91.671524, 92.999985, 92.96663, 92.999954, 92.99998, 92.0088, 92.99996, 92.6175, 92.03408, 92.99999}","{""0"": 0.8563385458224786, ""340"": 1.763469409872767, ""437"": 4.051938819745534}",0.001,10.0,1.0
0.5084,0.752,0.0087,49,"{5.0, 20.0, 28.701591, 31.950508, 32.46304, 31.594687, 40.97292, 41.028996, 44.121006, 55.275635, 57.685436, 64.3133, 68.35186, 68.28459, 71.285, 74.441315, 75.4961, 77.05141, 79.372025, 80.842354, 80.04753, 84.95832, 85.54807, 86.06106, 87.44107, 88.28293, 91.28678, 92.57779, 93.999985, 93.93867, 93.999954, 93.99998, 92.824394, 93.99996, 93.515015, 92.852, 93.99999}","{""0"": 0.8563385458224786, ""340"": 1.763469409872767, ""437"": 4.076938819745534}",0.001,10.0,1.0
0.5069,0.752,0.0081,49,"{5.0, 20.0, 28.82312, 31.708134, 32.60767, 32.15696, 41.28575, 41.127644, 44.33469, 55.504494, 57.94097, 64.5239, 68.75894, 68.51738, 71.76277, 74.71119, 75.8545, 77.419556, 79.91752, 80.45972, 81.44533, 85.4361, 86.010956, 86.61125, 88.83907, 88.02001, 91.93639, 93.48907, 94.999985, 94.911194, 94.999954, 94.99998, 93.60986, 94.99996, 94.38551, 93.63967, 94.99999}","{""0"": 0.8563385458224786, ""340"": 1.763469409872767, ""437"": 4.101938819745534}",0.001,10.0,1.0
0.5064,0.7559,0.0084,49,"{5.0, 20.0, 28.943512, 31.818712, 32.74904, 32.36104, 41.538315, 41.276398, 44.54299, 55.72918, 58.191654, 64.72662, 68.7409, 69.1591, 72.22864, 74.97112, 76.20035, 77.77259, 80.45031, 80.85921, 82.05223, 85.9, 86.45779, 87.15181, 88.58739, 89.379974, 92.56739, 94.40929, 95.88389, 95.999985, 95.999954, 95.99998, 94.37071, 95.98297, 95.99996, 95.23814, 94.39723, 95.99999}","{""0"": 0.8563385458224786, ""340"": 1.763469409872767, ""437"": 4.126938819745535}",0.001,10.0,1.0
0.5055,0.7559,0.0087,49,"{5.0, 20.0, 29.06104, 31.92864, 32.887947, 32.563725, 41.790817, 41.4224, 44.751453, 55.94648, 58.440132, 64.92733, 68.96109, 69.55327, 72.68995, 75.229645, 76.54598, 78.125916, 80.97732, 81.25728, 82.65407, 86.896324, 87.68657, 86.360756, 89.91319, 89.15313, 93.18034, 95.32022, 96.999954, 96.999985, 96.852165, 96.99998, 95.13192, 96.95476, 96.99996, 96.091484, 95.15187, 96.99999}","{""0"": 0.8563385458224786, ""340"": 1.763469409872767, ""437"": 4.151938819745535}",0.001,10.0,1.0
0.5058,0.7559,0.0084,49,"{5.0, 20.0, 29.178009, 32.038033, 33.02828, 32.767593, 41.56847, 42.043755, 44.959988, 56.157246, 58.685604, 65.12154, 69.94225, 69.17369, 73.15247, 75.47477, 76.8831, 78.46703, 81.500725, 81.642426, 83.242256, 86.79944, 87.314735, 88.2099, 89.70188, 90.425514, 93.76931, 95.873116, 96.23268, 97.999954, 97.999985, 97.829735, 97.99998, 97.89949, 97.99996, 96.92223, 95.890785, 97.99999}","{""0"": 0.8563385458224786, ""340"": 1.763469409872767, ""437"": 4.176938819745534}",0.001,10.0,1.0
0.5054,0.7559,0.0082,49,"{5.0, 20.0, 29.294134, 32.145817, 33.16711, 32.969017, 41.713234, 42.294403, 45.165848, 56.36485, 58.9268, 65.311485, 69.38212, 70.324425, 73.61066, 75.7128, 77.213135, 78.79867, 82.02304, 83.82611, 82.01902, 87.72489, 88.72512, 87.227394, 90.92663, 90.24136, 94.346504, 96.603355, 97.13091, 98.999954, 98.999985, 98.80836, 98.99998, 98.834274, 98.99996, 97.74113, 96.61676, 98.99999}","{""0"": 0.8563385458224786, ""340"": 1.763469409872767, ""437"": 4.201938819745534}",0.001,10.0,1.0
0.505,0.7559,0.008,49,"{5.0, 20.0, 29.408226, 32.249916, 33.30467, 33.17066, 41.850216, 42.54383, 45.36606, 56.56568, 59.16083, 65.49603, 69.58369, 70.70063, 74.05205, 75.93923, 77.5368, 79.11971, 82.52542, 82.38808, 84.40449, 87.64441, 88.12116, 89.227745, 90.764946, 91.415596, 94.90562, 97.297874, 98.02938, 99.999954, 99.999985, 99.78006, 99.99998, 99.73764, 99.99996, 98.53901, 97.299866, 99.99999}","{""0"": 0.8563385458224786, ""340"": 1.763469409872767, ""437"": 4.226938819745534}",0.001,10.0,1.0
0.5045,0.7598,0.0084,31,"{5.0, 20.0, 29.520191, 32.350777, 33.43917, 33.370247, 41.982452, 42.7894, 45.561436, 56.764412, 59.388783, 65.67282, 69.77748, 71.07065, 74.48463, 76.15714, 77.848495, 79.424065, 82.74512, 83.02461, 84.97525, 88.506714, 89.72613, 88.049416, 91.89047, 91.27808, 95.447365, 97.98117, 98.92876, 99.32637, 100.0, 97.96072}","{""0"": 0.8563385458224786, ""340"": 1.763469409872767, ""437"": 4.226938819745534}",0.001,10.0,1.0
0.504,0.7638,0.0082,29,"{5.0, 20.0, 29.632233, 32.45045, 33.571774, 33.565636, 42.11376, 43.0308, 45.75382, 56.959293, 59.616253, 65.8454, 69.966805, 71.433815, 74.915375, 76.36857, 78.15202, 79.71829, 83.52469, 83.093506, 85.54219, 88.8837, 88.4423, 90.222755, 91.79057, 92.35883, 95.990005, 98.66154, 99.809166, 100.0, 98.62517}","{""0"": 0.8563385458224786, ""340"": 1.763469409872767, ""437"": 4.226938819745534}",0.001,10.0,1.0
0.5038,0.7638,0.0082,28,"{5.0, 20.0, 29.742113, 32.549862, 33.703266, 33.75968, 42.24357, 43.27079, 45.94636, 57.145206, 59.84203, 66.0135, 70.15, 71.788895, 75.34323, 76.5735, 78.45025, 80.00665, 83.43354, 84.01434, 86.09753, 88.820816, 89.244, 90.708305, 92.81147, 92.292786, 96.510895, 99.33095, 100.0, 99.28236}","{""0"": 0.8563385458224786, ""340"": 1.763469409872767, ""437"": 4.226938819745534}",0.001,10.0,1.0
0.5037,0.7638,0.0084,27,"{5.0, 20.0, 29.85129, 32.649185, 33.832607, 33.951527, 42.372818, 43.509315, 46.139275, 57.32792, 60.06874, 66.17808, 70.32951, 72.13858, 75.772896, 76.7766, 78.74319, 80.2871, 83.768265, 84.50318, 86.64742, 89.59878, 89.193054, 91.19026, 92.792305, 93.25855, 97.02626, 99.940094, 100.0}","{""0"": 0.8563385458224786, ""340"": 1.763469409872767, ""437"": 4.226938819745534}",0.001,10.0,1.0
0.5029,0.7638,0.0082,26,"{5.0, 20.0, 29.95785, 32.74587, 33.960392, 34.14418, 42.495094, 43.747307, 46.329056, 57.508472, 60.290016, 66.34126, 70.50807, 72.4829, 76.18569, 76.97942, 79.03565, 80.559685, 84.9873, 84.10383, 87.18879, 89.95639, 89.56992, 91.681366, 93.70544, 93.2958, 97.534454, 100.0}","{""0"": 0.8563385458224786, ""340"": 1.763469409872767, ""437"": 4.226938819745534}",0.001,10.0,1.0
0.5019,0.7638,0.0086,25,"{5.0, 20.0, 30.063784, 32.84035, 34.084927, 34.332527, 42.6175, 43.97942, 46.51349, 57.691654, 60.506298, 66.4988, 70.68051, 72.82753, 76.598175, 77.17566, 79.316635, 80.82806, 84.427444, 85.475975, 87.72981, 89.93514, 90.30299, 92.16393, 93.79036, 94.13872, 98.02895, 100.0}","{""0"": 0.8563385458224786, ""340"": 1.763469409872767, ""437"": 4.226938819745534}",0.001,10.0,1.0
0.502,0.7638,0.0083,25,"{5.0, 20.0, 30.167843, 32.93397, 34.206966, 34.520374, 42.738873, 44.210228, 46.697456, 57.875477, 60.721596, 66.65238, 70.84846, 73.174065, 77.01355, 77.370964, 79.5926, 81.09339, 84.74659, 85.96586, 88.25638, 90.64374, 90.29707, 92.644646, 94.565445, 94.2811, 98.510994, 100.0}","{""0"": 0.8563385458224786, ""340"": 1.763469409872767, ""437"": 4.226938819745534}",0.001,10.0,1.0
0.5015,0.7638,0.0081,25,"{5.0, 20.0, 30.272617, 33.0281, 34.328716, 34.7057, 42.86252, 44.441135, 46.882156, 58.054016, 60.937283, 66.80402, 71.01406, 73.51444, 77.43427, 77.56047, 79.865295, 81.355576, 85.06003, 86.454414, 88.77842, 90.97582, 90.647736, 93.1106, 94.98416, 94.7622, 98.98805, 100.0}","{""0"": 0.8563385458224786, ""340"": 1.763469409872767, ""437"": 4.226938819745534}",0.001,10.0,1.0
0.5017,0.7638,0.0844,25,"{5.0, 20.0, 30.37659, 33.122364, 34.44806, 34.889877, 42.981792, 44.669106, 47.06634, 58.23124, 61.15374, 66.95517, 71.178986, 73.84818, 77.8425, 77.75585, 80.13606, 81.61216, 85.37364, 86.934746, 89.30435, 91.31013, 91.004135, 93.586266, 95.40405, 95.25321, 99.46261, 100.0}","{""0"": 0.8563385458224786, ""340"": 1.763469409872767, ""437"": 4.226938819745534}",0.001,10.0,1.0
0.5018,0.7638,0.0086,25,"{5.0, 20.0, 30.480068, 33.217056, 34.56629, 35.072464, 43.10273, 44.89533, 47.250835, 58.408733, 61.37075, 67.10521, 71.34236, 74.18265, 77.951645, 78.255165, 80.4046, 81.87068, 85.68459, 87.42039, 89.836754, 91.6405, 91.35751, 94.062225, 95.81987, 95.746315, 99.93196, 100.0}","{""0"": 0.8563385458224786, ""340"": 1.763469409872767, ""437"": 4.226938819745534}",0.001,10.0,1.0
0.5012,0.7638,0.0084,25,"{5.0, 20.0, 30.583067, 33.31117, 34.684273, 35.25393, 43.223488, 45.121326, 47.434048, 58.58395, 61.586205, 67.25578, 71.50572, 74.516556, 78.666214, 78.145195, 80.674416, 82.13334, 85.99593, 87.90587, 90.37131, 91.96819, 91.70917, 94.5351, 96.23462, 96.240036, 100.0}","{""0"": 0.8563385458224786, ""340"": 1.763469409872767, ""437"": 4.226938819745534}",0.001,10.0,1.0
0.5014,0.7638,0.0084,24,"{5.0, 20.0, 30.686682, 33.405773, 34.802185, 35.436966, 43.34173, 45.348328, 47.618114, 58.758915, 61.802074, 67.40654, 71.66937, 74.84701, 78.34156, 79.07007, 80.944214, 82.39149, 86.308205, 88.38521, 90.90991, 92.298325, 92.06509, 95.01126, 96.65007, 96.73605, 100.0}","{""0"": 0.8563385458224786, ""340"": 1.763469409872767, ""437"": 4.226938819745534}",0.001,10.0,1.0
0.501,0.7677,0.0082,24,"{5.0, 20.0, 30.789845, 33.50024, 34.918205, 35.61677, 43.461246, 45.575874, 47.802902, 58.928394, 62.016014, 67.5544, 71.83022, 75.16868, 78.53263, 79.4776, 81.210045, 82.644135, 86.61433, 88.86682, 91.45, 92.62135, 92.41144, 95.47132, 97.055466, 97.22132, 100.0}","{""0"": 0.8563385458224786, ""340"": 1.763469409872767, ""437"": 4.226938819745534}",0.001,10.0,1.0
0.5008,0.7677,0.0088,24,"{5.0, 20.0, 30.891024, 33.593616, 35.031033, 35.791126, 43.579407, 45.80031, 47.985516, 59.093437, 62.229244, 67.70335, 71.992134, 75.48423, 78.72541, 79.88083, 81.47782, 82.8999, 86.92309, 89.349266, 91.993744, 92.94684, 92.76044, 95.93182, 97.46559, 97.71561, 100.0}","{""0"": 0.8563385458224786, ""340"": 1.763469409872767, ""437"": 4.226938819745534}",0.001,10.0,1.0
0.5007,0.7677,0.0085,24,"{5.0, 20.0, 30.99188, 33.68806, 35.143063, 35.96518, 43.69692, 46.025368, 48.17047, 59.254715, 62.44505, 67.85166, 72.1529, 75.79542, 78.91972, 80.28423, 81.745445, 83.153175, 87.23158, 89.82362, 92.543434, 93.26968, 93.10853, 96.387924, 97.87425, 98.20811, 100.0}","{""0"": 0.8563385458224786, ""340"": 1.763469409872767, ""437"": 4.226938819745534}",0.001,10.0,1.0
0.5012,0.7677,0.0085,24,"{5.0, 20.0, 31.090446, 33.780666, 35.25457, 36.139668, 43.8099, 46.247986, 48.352287, 59.4124, 62.65876, 67.997826, 72.3101, 76.106606, 79.11039, 80.67807, 82.01114, 83.40495, 87.537994, 90.28902, 93.584465, 93.076996, 93.45228, 96.85032, 98.27913, 98.70376, 100.0}","{""0"": 0.8563385458224786, ""340"": 1.763469409872767, ""437"": 4.226938819745534}",0.001,10.0,1.0
0.5015,0.7638,0.0086,24,"{5.0, 20.0, 31.187937, 33.872383, 35.36503, 36.3112, 43.92218, 46.46995, 48.532642, 59.566326, 62.870193, 68.1455, 72.46904, 76.41232, 79.300316, 81.067375, 82.27971, 83.65901, 87.84668, 90.75963, 93.90131, 93.60661, 93.797005, 97.31464, 98.686134, 99.207146, 100.0}","{""0"": 0.8563385458224786, ""340"": 1.763469409872767, ""437"": 4.226938819745534}",0.001,10.0,1.0
0.5018,0.7638,0.0089,24,"{5.0, 20.0, 31.284151, 33.962788, 35.47454, 36.480824, 44.032593, 46.688732, 48.7098, 59.71966, 63.07993, 68.29393, 72.62835, 76.71814, 79.49062, 81.45007, 82.549065, 83.9165, 88.15677, 91.22527, 94.21863, 94.13067, 94.143486, 97.78162, 99.09594, 100.0, 99.71431}","{""0"": 0.8563385458224786, ""340"": 1.763469409872767, ""437"": 4.226938819745534}",0.001,10.0,1.0
0.5018,0.7638,0.0088,24,"{5.0, 20.0, 31.379362, 34.05316, 35.584427, 36.650833, 44.140774, 46.90722, 48.886826, 59.86878, 63.289562, 68.443085, 72.7875, 77.020805, 79.68076, 81.825714, 82.820595, 84.174965, 88.468315, 91.68102, 94.532906, 94.64531, 94.48946, 98.25008, 99.50524, 100.0}","{""0"": 0.8563385458224786, ""340"": 1.763469409872767, ""437"": 4.226938819745534}",0.001,10.0,1.0
0.5021,0.7598,0.0085,23,"{5.0, 20.0, 31.47278, 34.140984, 35.692715, 36.818783, 44.24788, 47.124702, 49.06085, 60.016, 63.49458, 68.58836, 72.94321, 77.32127, 79.86343, 82.201866, 83.08736, 84.42711, 88.77427, 92.1357, 94.84219, 95.14876, 94.82719, 98.7058, 99.90805, 100.0}","{""0"": 0.8563385458224786, ""340"": 1.763469409872767, ""437"": 4.226938819745534}",0.001,10.0,1.0
0.5014,0.7598,0.0084,23,"{5.0, 20.0, 31.564066, 34.228504, 35.799934, 36.985912, 44.35452, 47.339516, 49.23509, 60.1632, 63.700417, 68.732086, 73.09754, 77.62194, 80.04836, 82.5793, 83.352295, 84.67644, 89.07915, 92.59017, 95.1513, 95.648926, 95.164536, 99.16786, 100.0}","{""0"": 0.8563385458224786, ""340"": 1.763469409872767, ""437"": 4.226938819745534}",0.001,10.0,1.0
0.5014,0.7598,0.0084,22,"{5.0, 20.0, 31.656614, 34.31741, 35.906563, 37.15469, 44.462147, 47.556957, 49.412453, 60.312042, 63.9081, 68.8738, 73.24987, 77.92276, 80.23452, 82.962524, 83.614006, 84.92163, 89.38108, 93.048065, 95.45842, 96.15428, 95.50139, 99.62592, 100.0}","{""0"": 0.8563385458224786, ""340"": 1.763469409872767, ""437"": 4.226938819745534}",0.001,10.0,1.0
0.5007,0.7598,0.0089,22,"{5.0, 20.0, 31.747538, 34.404137, 36.011494, 37.320877, 44.56728, 47.770267, 49.58558, 60.460514, 64.1145, 69.01422, 73.400764, 78.22424, 80.41903, 83.34118, 83.87357, 85.16545, 89.68229, 93.5028, 95.76512, 96.65327, 95.83736, 100.0}","{""0"": 0.8563385458224786, ""340"": 1.763469409872767, ""437"": 4.226938819745534}",0.001,10.0,1.0
0.5004,0.7638,0.0084,21,"{5.0, 20.0, 31.836557, 34.487617, 36.112556, 37.483345, 44.667694, 47.980465, 49.753624, 60.60468, 64.31568, 69.14887, 73.54559, 78.51823, 80.595665, 83.71107, 84.124435, 85.39786, 89.975, 93.945595, 96.06306, 97.14125, 96.16419, 100.0}","{""0"": 0.8563385458224786, ""340"": 1.763469409872767, ""437"": 4.226938819745534}",0.001,10.0,1.0
0.5001,0.7638,0.0083,21,"{5.0, 20.0, 31.924702, 34.57154, 36.212513, 37.643, 44.770443, 48.188297, 49.922367, 60.74671, 64.51769, 69.28153, 73.688156, 78.80981, 80.770584, 84.08774, 84.37178, 85.6295, 90.26273, 94.38628, 96.35456, 97.63565, 96.48306, 100.0}","{""0"": 0.8563385458224786, ""340"": 1.763469409872767, ""437"": 4.226938819745534}",0.001,10.0,1.0
0.4988,0.7638,0.0087,21,"{5.0, 20.0, 32.01249, 34.65464, 36.312435, 37.80249, 44.873417, 48.396355, 50.09062, 60.88872, 64.71761, 69.41222, 73.82944, 79.099815, 80.94201, 84.466194, 84.61624, 85.85544, 90.546936, 94.83204, 96.644875, 96.79746, 98.12814, 100.0}","{""0"": 0.8563385458224786, ""340"": 1.763469409872767, ""437"": 4.226938819745534}",0.001,10.0,1.0
0.4986,0.7638,0.0087,21,"{5.0, 20.0, 32.098175, 34.73684, 36.41001, 37.959, 44.975086, 48.600925, 50.257187, 61.027462, 64.91735, 69.540764, 73.96764, 79.387955, 81.11216, 84.843666, 84.8579, 86.08156, 90.828285, 95.271904, 96.92864, 97.10734, 98.61287, 100.0}","{""0"": 0.8563385458224786, ""340"": 1.763469409872767, ""437"": 4.226938819745534}",0.001,10.0,1.0
0.4997,0.7598,0.0086,21,"{5.0, 20.0, 32.18352, 34.81938, 36.508507, 38.1183, 45.073997, 48.805603, 50.424393, 61.165913, 65.11823, 69.66962, 74.10572, 79.67632, 81.28502, 85.21361, 85.100494, 86.30546, 91.111374, 95.70514, 97.21284, 97.42057, 99.094345, 100.0}","{""0"": 0.8563385458224786, ""340"": 1.763469409872767, ""437"": 4.226938819745534}",0.001,10.0,1.0
0.4984,0.7638,0.0086,21,"{5.0, 20.0, 32.26841, 34.90172, 36.607727, 38.279545, 45.172405, 49.01225, 50.592464, 61.306267, 65.31736, 69.799644, 74.245995, 79.965096, 81.460396, 85.58145, 85.345825, 86.528336, 91.39775, 96.1456, 97.50388, 97.73987, 99.57355, 100.0}","{""0"": 0.8563385458224786, ""340"": 1.763469409872767, ""437"": 4.226938819745534}",0.001,10.0,1.0
0.4984,0.7638,0.0086,21,"{5.0, 20.0, 32.350933, 34.9834, 36.70368, 38.439117, 45.267296, 49.216076, 50.76016, 61.443226, 65.51778, 69.92608, 74.38174, 80.250305, 81.63712, 85.945496, 85.586624, 86.74556, 91.68096, 96.57651, 97.78898, 98.05734, 100.0}","{""0"": 0.8563385458224786, ""340"": 1.763469409872767, ""437"": 4.226938819745534}",0.001,10.0,1.0
0.4987,0.7638,0.0088,20,"{5.0, 20.0, 32.43258, 35.06494, 36.798683, 38.597073, 45.363205, 49.41917, 50.928024, 61.579132, 65.71801, 70.051636, 74.5165, 80.53512, 81.81294, 85.82653, 86.31381, 86.963806, 91.962715, 97.011215, 98.071625, 98.37197, 100.0}","{""0"": 0.8563385458224786, ""340"": 1.763469409872767, ""437"": 4.226938819745534}",0.001,10.0,1.0
0.4983,0.7638,0.0087,20,"{5.0, 20.0, 32.515743, 35.146137, 36.89705, 38.758907, 45.45888, 49.625572, 51.095333, 61.717613, 65.91565, 70.1797, 74.65464, 80.82253, 81.98703, 86.677444, 86.07039, 87.182335, 92.24797, 97.44887, 98.360344, 98.69019, 100.0}","{""0"": 0.8563385458224786, ""340"": 1.763469409872767, ""437"": 4.226938819745534}",0.001,10.0,1.0
0.4982,0.7677,0.0088,20,"{5.0, 20.0, 32.598724, 35.22632, 36.994015, 38.919212, 45.552452, 49.83013, 51.260437, 61.855305, 66.110825, 70.30606, 74.79129, 81.10506, 82.15963, 86.310425, 87.03386, 87.39497, 92.52975, 97.881004, 98.64789, 99.00672, 100.0}","{""0"": 0.8563385458224786, ""340"": 1.763469409872767, ""437"": 4.226938819745534}",0.001,10.0,1.0
0.4977,0.7677,0.0087,20,"{5.0, 20.0, 32.68354, 35.305595, 37.091824, 39.07994, 45.64569, 50.037395, 51.42394, 61.99265, 66.30398, 70.43232, 74.92823, 81.38645, 82.32645, 86.55015, 87.38926, 87.60499, 92.8107, 98.3148, 98.93565, 100.0, 99.320564}","{""0"": 0.8563385458224786, ""340"": 1.763469409872767, ""437"": 4.226938819745534}",0.001,10.0,1.0
0.4973,0.7677,0.0085,20,"{5.0, 20.0, 32.768005, 35.384525, 37.18859, 39.237797, 45.738674, 50.241634, 51.586075, 62.126102, 66.49685, 70.556046, 75.06205, 81.66234, 82.488945, 86.78486, 87.74331, 87.81048, 93.08526, 98.74523, 99.214935, 100.0, 99.62455}","{""0"": 0.8563385458224786, ""340"": 1.763469409872767, ""437"": 4.226938819745534}",0.001,10.0,1.0
0.4977,0.7677,0.0085,20,"{5.0, 20.0, 32.850517, 35.46363, 37.28455, 39.394203, 45.834766, 50.446045, 51.75027, 62.25662, 66.68909, 70.67673, 75.19243, 81.9379, 82.64715, 87.01658, 88.11001, 88.01618, 93.35411, 99.17551, 100.0, 99.48458, 99.91773}","{""0"": 0.8563385458224786, ""340"": 1.763469409872767, ""437"": 4.226938819745534}",0.001,10.0,1.0
0.4978,0.7638,0.0086,20,"{5.0, 20.0, 32.932537, 35.54241, 37.380253, 39.55111, 45.93081, 50.650272, 51.913948, 62.38941, 66.88024, 70.79781, 75.32328, 82.216805, 82.806984, 87.249115, 88.47668, 88.224785, 93.62437, 99.60911, 100.0, 99.75623}","{""0"": 0.8563385458224786, ""340"": 1.763469409872767, ""437"": 4.226938819745534}",0.001,10.0,1.0
0.4973,0.7638,0.0086,19,"{5.0, 20.0, 33.013412, 35.619877, 37.47507, 39.706512, 46.02627, 50.852688, 52.075394, 62.521515, 67.06839, 70.91736, 75.45261, 82.49476, 82.96382, 87.47922, 88.84167, 88.432014, 93.891624, 100.0}","{""0"": 0.8563385458224786, ""340"": 1.763469409872767, ""437"": 4.226938819745534}",0.001,10.0,1.0
0.4978,0.7638,0.0087,17,"{5.0, 20.0, 33.09218, 35.695206, 37.569424, 39.861206, 46.11902, 51.051952, 52.233257, 62.651443, 67.25288, 71.03427, 75.57896, 82.77149, 83.11581, 87.70565, 88.634796, 89.199875, 94.15457, 100.0}","{""0"": 0.8563385458224786, ""340"": 1.763469409872767, ""437"": 4.226938819745534}",0.001,10.0,1.0
0.4989,0.7598,0.0088,17,"{5.0, 20.0, 33.171898, 35.771305, 37.66515, 40.018154, 46.21234, 51.252552, 52.392212, 62.786854, 67.437935, 71.15482, 75.71008, 83.052185, 83.274666, 87.937126, 88.84129, 89.55614, 94.42438, 100.0}","{""0"": 0.8563385458224786, ""340"": 1.763469409872767, ""437"": 4.226938819745534}",0.001,10.0,1.0
0.4983,0.7638,0.0088,17,"{5.0, 20.0, 33.25214, 35.847923, 37.760735, 40.17515, 46.305862, 51.453747, 52.55198, 62.92463, 67.62528, 71.27781, 75.84419, 83.33489, 83.43872, 88.172356, 89.91322, 89.05081, 94.6999, 100.0}","{""0"": 0.8563385458224786, ""340"": 1.763469409872767, ""437"": 4.226938819745534}",0.001,10.0,1.0
0.4985,0.7638,0.0089,17,"{5.0, 20.0, 33.331482, 35.92232, 37.854866, 40.330414, 46.39597, 51.65251, 52.707195, 63.061455, 67.80907, 71.3999, 75.97721, 83.616005, 83.600006, 88.40595, 89.25866, 90.26043, 94.97467, 100.0}","{""0"": 0.8563385458224786, ""340"": 1.763469409872767, ""437"": 4.226938819745534}",0.001,10.0,1.0
0.4982,0.7638,0.0087,17,"{5.0, 20.0, 33.41192, 35.996635, 37.947254, 40.483837, 46.48745, 51.852005, 52.861683, 63.200813, 67.99106, 71.52189, 76.11027, 83.89775, 83.76124, 88.63824, 89.46981, 90.61076, 95.24837, 100.0}","{""0"": 0.8563385458224786, ""340"": 1.763469409872767, ""437"": 4.226938819745534}",0.001,10.0,1.0
0.4977,0.7638,0.009,17,"{5.0, 20.0, 33.492912, 36.07126, 38.03986, 40.637173, 46.578663, 52.050922, 53.016068, 63.339264, 68.17242, 71.64341, 76.24274, 83.921646, 84.17621, 88.86868, 89.67847, 90.9575, 95.51947, 100.0}","{""0"": 0.8563385458224786, ""340"": 1.763469409872767, ""437"": 4.226938819745534}",0.001,10.0,1.0
0.4977,0.7677,0.0085,17,"{5.0, 20.0, 33.573334, 36.144783, 38.1325, 40.78902, 46.66802, 52.24762, 53.168354, 63.475483, 68.352394, 71.764595, 76.37555, 84.449104, 84.080284, 89.09802, 89.88078, 91.29699, 95.78957, 100.0}","{""0"": 0.8563385458224786, ""340"": 1.763469409872767, ""437"": 4.226938819745534}",0.001,10.0,1.0
0.4966,0.7638,0.0084,17,"{5.0, 20.0, 33.655308, 36.21938, 38.2252, 40.938915, 46.758823, 52.442547, 53.32064, 63.610622, 68.53443, 71.88642, 76.5085, 84.71949, 84.23886, 89.32617, 90.084595, 91.636856, 96.0578, 100.0}","{""0"": 0.8563385458224786, ""340"": 1.763469409872767, ""437"": 4.226938819745534}",0.001,10.0,1.0
0.4965,0.7598,0.0085,17,"{5.0, 20.0, 33.7357, 36.2916, 38.316345, 41.0873, 46.84831, 52.633213, 53.468067, 63.747635, 68.71297, 72.00474, 76.63708, 84.99553, 84.39224, 89.548386, 90.288795, 91.97596, 96.32019, 100.0}","{""0"": 0.8563385458224786, ""340"": 1.763469409872767, ""437"": 4.226938819745534}",0.001,10.0,1.0
0.4962,0.7598,0.0085,17,"{5.0, 20.0, 33.816833, 36.363064, 38.408413, 41.23566, 46.938065, 52.823753, 53.61353, 63.885025, 68.89004, 72.12304, 76.76553, 84.54157, 85.27347, 89.77009, 90.493935, 92.31481, 96.58136, 100.0}","{""0"": 0.8563385458224786, ""340"": 1.763469409872767, ""437"": 4.226938819745534}",0.001,10.0,1.0
0.4964,0.7598,0.0084,17,"{5.0, 20.0, 33.89783, 36.4348, 38.501305, 41.386063, 47.028408, 53.759808, 53.014603, 64.02544, 69.06724, 72.24098, 76.8938, 84.692116, 85.5556, 89.99127, 90.699005, 92.65607, 96.84219, 100.0}","{""0"": 0.8563385458224786, ""340"": 1.763469409872767, ""437"": 4.226938819745534}",0.001,10.0,1.0
0.4962,0.7638,0.0084,17,"{5.0, 20.0, 33.97867, 36.50619, 38.5946, 41.538124, 47.11943, 53.906456, 53.207962, 64.16602, 69.244125, 72.357895, 77.020424, 84.83929, 85.84337, 90.212685, 90.907104, 93.00398, 97.10258, 100.0}","{""0"": 0.8563385458224786, ""340"": 1.763469409872767, ""437"": 4.226938819745534}",0.001,10.0,1.0
